-- phpMyAdmin SQL Dump
-- version 5.2.1
-- https://www.phpmyadmin.net/
--
-- Servidor: 127.0.0.1
-- Tiempo de generación: 06-09-2025 a las 05:29:41
-- Versión del servidor: 10.4.32-MariaDB
-- Versión de PHP: 8.2.12

SET SQL_MODE = "NO_AUTO_VALUE_ON_ZERO";
START TRANSACTION;
SET time_zone = "+00:00";


/*!40101 SET @OLD_CHARACTER_SET_CLIENT=@@CHARACTER_SET_CLIENT */;
/*!40101 SET @OLD_CHARACTER_SET_RESULTS=@@CHARACTER_SET_RESULTS */;
/*!40101 SET @OLD_COLLATION_CONNECTION=@@COLLATION_CONNECTION */;
/*!40101 SET NAMES utf8mb4 */;

--
-- Base de datos: `red_social`
--

-- --------------------------------------------------------

--
-- Estructura de tabla para la tabla `comentario`
--

CREATE TABLE `comentario` (
  `Id_comentario` int(5) NOT NULL,
  `Contenido` varchar(255) DEFAULT NULL,
  `Fecha_creacion` datetime DEFAULT NULL,
  `UsuarioId_usuario` int(5) NOT NULL,
  `PostId_post` int(5) NOT NULL
) ENGINE=InnoDB DEFAULT CHARSET=utf8mb4 COLLATE=utf8mb4_general_ci;

--
-- Volcado de datos para la tabla `comentario`
--

INSERT INTO `comentario` (`Id_comentario`, `Contenido`, `Fecha_creacion`, `UsuarioId_usuario`, `PostId_post`) VALUES
(1, 'Hola que gonorrea?', '2025-09-05 20:08:00', 2, 1),
(2, 'yeah!!!!!!!!!!!!!!1', '2025-09-05 20:08:47', 2, 3),
(3, 'si, a mi tambien', '2025-09-05 20:11:38', 2, 2),
(7, 'hola', '2025-09-05 21:08:49', 2, 3),
(8, 'que idiota', '2025-09-05 21:17:30', 3, 3),
(9, 'nya', '2025-09-05 21:28:53', 3, 5);

-- --------------------------------------------------------

--
-- Estructura de tabla para la tabla `post`
--

CREATE TABLE `post` (
  `Id_post` int(5) NOT NULL,
  `Titulo` varchar(50) DEFAULT NULL,
  `Imagen` text DEFAULT NULL,
  `Contenido` varchar(255) DEFAULT NULL,
  `Fecha_creacion` date DEFAULT NULL,
  `UsuarioId_usuario` int(5) NOT NULL
) ENGINE=InnoDB DEFAULT CHARSET=utf8mb4 COLLATE=utf8mb4_general_ci;

--
-- Volcado de datos para la tabla `post`
--

INSERT INTO `post` (`Id_post`, `Titulo`, `Imagen`, `Contenido`, `Fecha_creacion`, `UsuarioId_usuario`) VALUES
(1, 'Hola', 'data:image/jpeg;base64,/9j/4AAQSkZJRgABAQAAAQABAAD/2wCEAAkGBxMTEhUTExMVFhUVGB8aGBgYGBgaGBgaIB4YGh4dGxgYHSggGCAmGxoaIjEhJSorLi4uFx8zODMtNygtLisBCgoKDg0OGxAQGy0lICYvLS0tLS0tLS0tLS0tLS0tLS0tLS0tLS0tLS0tLS0tLS0tLS0tLS0tLS0tLS0tLS0tLf/AABEIAP8AxQMBEQACEQEDEQH/xAAcAAACAwEBAQEAAAAAAAAAAAAFBgIDBAEHAAj/xABCEAABAgMGAwUFBwMDAgcAAAABAhEAAyEEBRIxQVEGYXETIoGRoTKxwdHwBxRCUmLh8SNygjOSoiTCFRYlQ1Nz0v/EABoBAAIDAQEAAAAAAAAAAAAAAAMEAAECBQb/xAA3EQABBAEDAgQEBQQCAQUAAAABAAIDESEEEjFBUQUTImFxgZGhFDKx0fAGQsHhFSMzJFJygqL/2gAMAwEAAhEDEQA/APHcMXSwoVOVBEVqyUDkNfrwiUqtcXLbWNEdVLXFH66/vFFSl8Q3WJSivsy2gjVhwWntgKn2SoFR0DHXqAPKN31VUtKrySpSHBwAuS1OXhBPOa4gHgIYhIBrlW3jeySlkkHmKjzjc04IoLEUG02UEKqVzhPomlBREUVFKUAYsBQrQlIGr1jdLK+MwJOQPKJwoAqJqweXSBu9loYXFLyMWSpSul2g05RoOKyWrcu8KAGsEMmEMMyh8yaCXORgRKKBhdMurPRWugLVHKK9lfurrGGdKsxFs7FZd3CvWsCNnCyBawrmB3OTGMFEAVFqDFuQ90YeKKtuQtOFq7Vi1lQEohKRqwJ3AZ2iEUFd2VAS1O4JDFxv8oqr5V7l2YGD7e6NdFQUUB+81dP3MZu1ZxhdWH8Nv3+qRapRSNNYpXavKwAKA6gHT9RHuG3WKJ3fBSqUVlVDuH+fwjYOVSiqY+HFlr0GeUQuCgCpmTXNAByGkZLlqlHGT9CKtSlwGIFFPtjGtxVbVNQJi+VS6sUppEKi4hJ0Zue/WM2QrwrQmrMcWgcEHx0jbSDwqK4kjM193lE+KrPRdDE8toipS7D8iyl9MxE29lA7uozrPOSzkEaH6DxjNrdilSe03H14RLKmFXNSdYhyrBCtWgqSkpqwY+H8xot3UQqulrtRDBAqpTP+kfP94jqA91htk30UbPODnEakerxTTnK0R2Vq06xorIVcyUWSFAjHXwFa7OYyePirBFmuikkAvyDlmfkPrKITWAoB1KoUn+P2iccq1NEkVJPdT7fM6IG538doy7sOVYVDKUR3aqNEpzPQbRDgK1aueXSnulQoHqEcg9CRqS7RW2yr4VVrnqUqqiWDD+NIgrooqcWlOrRq1S4ExFCVaUxdLNr4IiUpakPGLUXXfKL5UqlB4zainKU1fykGI00bUq8KS0YhjSC2vL5RHOFqUooiKlcgaxapEbCyu4rImh1By+ukZNg2oFknyP35HblBCOoVA9CsUwQMra5JtWAqG8bbJtVloK0LlPMUzBlmuw0jLh6istPpCmbEgh6hsyPlFhgKreV8JSl91AAA/EQCS2tRGHvDfSFtrepUbXaVggLY6E/ufryii4vNlQNDRhSSmuQf+0H3iNbAs7iuSStawJaMZB0ol/DbeK3tYVraXBF5l0JMrGoqSAXKQUqGxLprpvRjCjtU7zNpAXfj8Ijl0P4iIm+xo8GjwAh1ildpM7KSkoSfaUfbwjc6aUHKCyO8tu92VzdFpHaqcQjHf2A5XJ9jSlZlysS1OQXAo1PLfpFMntluwmNX4btn8qC3HIOO3X4foswu1ZBKSleGqghQURzbXweNCZtgHCCfD5i0uZTq5DSCR8v2tXSbrK5RmoViw+0lsqPQ6sCPWKMwbJsd1RGeGul0p1ERuuRXzx3pUyZKChSlKKcJAokH2sTa/pjb3lrg0DlAg08ckTpHuIqhgXzddR2yrk3XMdKXQFqqEFQC26fRijqGD4DrWEVvhWoNDG48NLgHV8P4fZXJukkpHaSwpRICSSDQqS4pk4MU7VAZo0ix+DveQ3zGBxJFEm8EjtwaK4u7e8UCYgqCgkjvBnpmRuw8REGpFWQaVO8IcHeW17S4EAjIq/cjvQ+a4bvwzOzVMQlbgN3jmKZJbXeJ+JBbuANfL91R8Ke2byXyNDu3qPPyr7r5N3J7ITipWF8JASMQPMFXTzijqPXsA+/+ltvhP/pxqHvxdEBtkE/MKq2WFUtg4KFgFChkflGo5WycdOiV1mhk0paSbByCOD/v2VUlLB9qKHLwg5bYtIk5V1pkAEqlF0muEviSNjvs48owCRyrwVFE4EBIfEqg+bxq1nbWUQVKpG6Q7XLRNepIdThmzO/1zimGvStEXlD58qKIWgUPtAY9R+0YKIEWHtqHOCO/MUEcBWzEHuoHtTCA+3Tf94052xl91TRud8FumpqUJ9lPdybE2p3rA4mACytPcslrsIUkvTV9ucbcy1lr6Q6WiYUhk9oh9KEjTFqB1aAF5raj7RdrSsTCgYjgTohFKGtTFtZ2WHPARu7FP2sj8ssAdQGV/wAjHMm5D/de98OPodpuzQPnWfuVC4ZYTNKdQnEs7KoAnwBPieUSY2z9FXhsbWaggDNW748AfLN+/wAFTOATZVLHtTlFzqxJLPtQ+cWDcoB6LEjQzROkbzIcn2JOP53QzhmWr7ykhwwJPRm97QxqCPKNrjeDh58Qbs6Xfwr96RE2/sFOgOgzpmJI1AwCnMVaBmPzgAeaH+U+NWNA5zmfkMj7Ht6R9jwu3tYEJlqXLYomKQQBkGxZcq++NQSOke1juRaF4loo9NppJ4CNjywgdBz9s/4XJnY2paJiJvZzg3dUMyKjrXZ+kDG+EFrhbUd34bxKRkscmyUVgjqMj+Dp0Q5Nnmy7QhS80zEjdgVDLlU+cOPaHwlzeKXEgfJDr2tl/MHAfU9PbOFdfcsotS1A6pV7viIBCN0IT/iDjF4i4d6P2H+Vrv4ShOKlAuuVRTjCDUCjO9Gd9YFp9xYAO6d8W8lmoc9wNlmD0vNYq76cr65QFyp0tTsQF86ZkPnkIzNbXtcPgi+H1LBJG/ig7+fRdvgHs5aQAqSKpU9SfhrSGNIxpLiT6u385XM8efJ5cbWj/qGQ7mye/b4ISUNUPTI/OHQS0rzfKnZp9chk+bA+dI3YI4WC2lFSkA4kFw7gapOqT1r6RhtUtkEowwUAoHukO+jQSkHhA7fbElQCNNecYJF4RmtNZRCXhWlx0PIwSgRaHkGkIt8sgjxgRCK0ojOlYZpB386CCSNpyEx25q2Su7PlqpQUfLL038IxqRhquE8rdY5Tl4IxDeUL4gn97sk/izPw8/dFTOrC3C28lFrBdrSwBWgJ6kfBLDziQxem0OWb1UsU60SkqAUoEAuWBVQHlGJnFraaLKb0Mcb5QZnU0EE4JJ9ghcm8iiaqYhQUS9WLVrka5wiYg5oa5d8eIGGR00ZBOfv7LXdFtMoLJlTVldCUpcDPXUl4xLFurIFI/h+vEQc4Mc4u5IHH+8qEq1KEtUtUtSke0Ae4scw4Pl1gjdPvO9pyPmgu8S8hnkyMJaci/SR+vKzJvzAkpkoKSqhWpWJTbCgAizCXkbzx0S0fiTdOxw07dpdy4mz8sABSsyZa0ypZWCQV4k94GrNUgD8MGhYTMbGEvqpmfhGNa8EgmxnqR3FHha5NuEgiWaygrENSkgEsN8R8orUQAP3M5qvrj7Inh3iRbGIZfygh30zX/wBiK9rWSXPshWmb/UQQcRlgO5FaKcUeMyGRwqhfe/8ACvTfgo5BKXuoG9lWcdA6xj4gFb7fbUqSJqwUpUQwAc0qNRoPWGBEY9MG/wAylpda3U+Imd2BY9zQx7ZKqvG3y7QFzEhQwpAOIDcsxBz5QDTwubE5p+NprxPXw6jVMmZYxRBA6Xnn34VNvvhCylK5Cu6nCHUyiKaYc6QKKIsstIz7f7TGv18eoLWyRu9OPzUT8fSV2TfqZcx0yiwQEBGPKupb6rGXaVzhRPXsix+NxxP3sjxtqt3+aXLrvREslCwexXmknEU8xQPEkicSC38wVaTWwxAxyi4ncjmvhx/M8rdKEsjuBTHVQYnPns22sOwtkdZkXD1ztI3a3TWebJ5P+PmKWe22MB1JUxAdIGfP1835GNZaaSrSHBRMxE6UoKYTZYcc/KsadThaoAtPsrLksMmdLdQLjMYi3VgY3FG1wWJZHNKLWi7UdkpISAGOQFDvBzENtBLtlO8Wl255pClJ3A6PSF4zym5Ao3w2IAbRl/KtnC2XkAUJ566uOcFdTmBCjw4rLa5pCZanqkeYqK/WsDlFsCIweoond94jsphJqA6RQBROlK56bRiFwHKzIwkikGsUpUxYBqpamfqQ8CcS5yOaaET4hvVRJkyiyQpiR+Ivl0EMyPobQl4Yhe9yNXJd/ZSwFB3D1A1+cc7WNLGCQGiSvUf044aiWSCRocwC8gHJKU7faipeIAAAnCkAAAeEXGNopA1rvOcSAAOgFAAJnuIkkqIwkJ9l3Z/46xPEAGxNFZtM/wBKgu1MjrwB8sn/AEhVhkKmz5k8lpaSSomoIzYeDdIw2cwABos9lt3h48QmfLISGAkk+3YfL6LDbb+ViPZJShL0OEFR6lQPlBtrn5kJP2H2XOfrGRHbpo2tA6kBzj8S61uue0otCuznoSJmaFgYSW0LZ/J4BIHQU9nHYro6GSHxK9PqGgPr0uAAP7e/ZEJcrDaBJUlKkLQVVSHfXwYM0G1c2+MSxuIvp+qH4VovK1jtHqo2uqyCR06EHmucdDa1XTdSLRNtBVLl4JGFKRhD5HPfIeUN+Gsa5u5+Se64v9SyuZqPKiaGtbYwAO3ZU2yfJVNVIVLKihOIUB0dgN2gut1XlnaGg8c+6B4N4ezVAmSRzTROAMge5PPPSlpmWcSkTRKQBMQmqUgFl4QWpmaiEfEJbcyHjgurv2Xd/p/TBsE+ubZIsMvJAAu/if8AHulWyX3MCmnPMS/eSQHHNJzBG0DfAACG4P8AOVnT+JyOc0z/APY27zWPdp6H7dFrl21QtJBIMsrywpbCpiDUOKEGMyOL47PNfoj6YNh1ZbQLC68gcOyORfBCt4hnTJU0YEoCSAQezQa6hyPp4Hp2h0e5189ymfFpXwary4w0Cgfyt9x29lOw3kZwCZntiqVAMFDUMNaabQzpW7JaHB5+K53ic/4rS3J+dmQeAR1Ha+orstcyRiJBbIMfP946L2WvMMfSV7fLwLcHXy5QqnBlbOH7aELwlhiLef7waF9GkKZli01y/IHNvjv0hoJMhLN0Sh25GlRyPN4BCLcU1MfQENtk4KWpQyJLdNPn4wBxFlGaCAEYmIcNsY2w9EDjKy2tH9PDmQ4Pvgjx6aWmH1WoXYElOF2U7CtHcb82hIFHKvErsyouHQCQoHIks7+MQfmCrkLFdykhYWoOhJz1b4n5xs+oqHCbbPb1TZc2as4EnupzZCQPUuc4T18hfI1g6L1X9OadsOkmmca3Yv4D9ylpMqzAh7S7HISl/GLa6QG9n3CVkZoyCDP/APhyY7JapfYTFyiSlIOYIqA+vWBauV0sjWubXzvldTwfTw6TSTSxPL761XA4+6zW+X2VhCRmQkHqWKoEw757KZ1Mf4fwwMb1Av58qfDtypTYZ1rWE4lvLlOQ+gOEHWpq9Ak5R2YaDbXgtTZeBeFiukYJo1KiBWpAfR/f1gWo/wDE4eyb8LNa2Ij/ANw++EXnH/qkDaWT0q0cpl/h3fEL2uor/loe+13+ULvBDT1EK1YgdAdvpzHS0v8A4m/zqvH+NCtdKPcfoFRdgCLZKWl3JJL5OAYzqsNv4fqi+C+qcM7gj6tKzyL5mSJ8xS0kpmLJI8SXSTnnFamHzT7rfhPiTtFWLacEfDt7own7naVBTjGTUOUqJ5j8XrCe+eI27I98/wC16AQ+F64VEQ1x7ek38OCfkUL4lsZlzEkBkEMG0I08mhw6lk5sCvZcSfwyXQHa524Hh37+6JX7PlmRLmLQVhTZHCzh9jtCcBeC6MGl2/FTA+GLUyMLjxg1yLzzfCxWe3ywgKQgp7NXeBLkpVRwrkWpzh3SudHL6jYP+FwvExDqdHcbdpYeubDvf41hGrCRMU6WyDvTEKsR8xHYbTjhePfbBRQPiizhKyWZ64TvlpQwnK3a8p7TP3MCXi7vrQwJMprvS9A2GWXJoSNOm5htz+gSccebcgva4EEg95VByGpgV7Wo9bnLFJSNX8oG0IhKZ+zqItvISpNhDraGC9CD5Qd+GlajOQhNlOVfoZerQgU0UYt4cTCC4KActyCfMiIFkLDY09oQKBIDkDKn8wQu6BUcZTLfSRKsuAUcgeuI7bRzAd85P87L2mz8P4Qxh/ur7ncgNxyELnpxAEByxYvSlDnUx0tMLfleW19CIkc4TJfYCbKsBOEFgwGHMjTpvWFNSQ7V46fsvQ6Bhi8D9X9xP3dX6BRsihabLhfvAYTyUMj40PjCbwYpbXZ07m63RbLyBR+I4+qCpRNSns1EDBQBeJg5Joxar5tWOxC8PZYXg9fA6CcseKKK3dLUn+pOKUIQKaPz+qkwrqp9w8tmSey7Pg3hpjf+L1Hpa3IvFn4c1+p4WW6bYZ1qVNZkewl9q5cyffGHw7NMR/OUXS6/8T4u2TgZA+FGvqr79QtK8TkJLMe9Qt/c2m0F0UgdHt6hKf1FpHx6ozEel1Z96qj9FkuyyzFz5azVKXJV+5zia14DKJyp4Bpnv1AeAdozfTr1Vd2S+3E6WoJLKxpOQ/KagFgwEU+Ty3hzuuCr0ulOs074Y8Fp3NPfoR88fND7XdMxChhlqrkwUpjyVhEbMsZyCEq3Qapjtr43A/C/oRYTBfYP3NPa/wCp3euLXxZ4Qhrzjt4XqvEQ7/j2+d+fH16/a7W7hizSrRJly5z4HIU2dCSnKuwpvBGADVAHr/n/AGlpiX+DOLeWZ+h/ZL192iX2ipcqUhKAW7uIqLblROsdCYhrtrenVeW0jTKwPkJN9P0wFtVP7BMqWtAKShyMyFEk02blvE0U27deRf8AKRvHNGIfKaGhp22fck8HvVBU3jOTMGAKUoYcSSpyRuHzIcg15webnlceFpaMhL89FAXzAgZ4TAU02qmTnc5fvGg/CraqVKJNXJ+sozdrVIjYpXdyfxZtPhDDBjhBecplmS6kNABkpe6CF8Qj/kPX6rB5D6VuDlAbEnMn61+HrCRTZKLTaomAEh0tyoBl9axnhRqN8PXSlCMSknEpJILh0sQ9PEAdS+0GbBvHq4QxrHQv3R1fuAf1BRW3XYia0tFoUksVTCrAZctLEkYlJqQ4GehJaIdFC2toz8Smz47rpAWvfY/+Lf2QKz/drPOxSZ0wlJIx90pOWgTUH6MaIbHllk/L/KC15nO2Yhre9E/YKV+XnLnyynGcTuSwDtpUho5ojl80yOHPuvVTeIaD8G3TRvPpqvSc18a5QSw2zsgWWsF3YMQeoqCesN7WubteFwBqpIZPM07yD/OehWiZxBOI7sxI6oDjpUgwL8LF0/VOnx/WkZq++0LNNPakGfPUr9IDAeLMPKDMiYzhc7Ua2fUG5XE/p9OFambJ7PAJq07MMTMXcezVwIKaIpKtLg4OHKus3Ek1PdUETedUnxcfCEX6NpNtNL0cH9RzsbtlaHfY/t9lG8OJZi0FKUBD0JBxFutGiR6NrTZNqtX/AFDNNGY2NDQet2flwqLpwGUpClJBWzuSGwndtXfwhoRtJ3Hlcb8XIyJ0LRg1Z64RG65SkEoRMXk4BUgAdHUR4RT4YnZcFcPiWrhG2J5A7c/ra03hYlLT31Gnsjukvu6UPGQ2MCm4UfrNRI7dIdx9+nwHA+i3XMqWE4Zq1SUn2VoAwPsQqW7k0d4yNNE424lOt8e1kbNkYaPl/tb1XakVTNd6pUEy6/5YWPhDjPDdO/hx+qRd/VGvZ/awHvtz+qCX8lTpUC7Agd0HnlrlA36JkOG3RWj45qdU4PkDbAI4xR+Npcu+eZcwFVRUZ8iIhJSlKu0SqEMaKp0iBQKiUADXJo00Ucqz7In92dL4aAPzPXzeGvLsXSX8yjSvACAB4mMnGFX5k1WqTsKQJraS260u8TS2Ceh9D+8bkFNR9OclArKg95tvhCtJspuuGygpVMI/03bmSPVo3EwF1nol5nlraHVF5kvAVJFSyRVqMMSz0o/hDQwEpyfmgHGVhSpMuYgpSoj/AEg9UigKRnQBydXJ0gUrPSHDnsmYJPUWkY7pXlyVEitdITLk6Go1ZblJVgKy7Owz10eMvIaLVMJJwmWwcJCjqWaZPp7hHLm1tLqwacuVXEfAEyWjt0pJlj22W6kvq23R2iaLxaKR/lO56Y5QNXpi3LCgaOGEkOC/QvHda0FcoyOCzzeHgN/rwjflhQSFD7TdmHfyPyjJYtB5WCYhtYwRS2Da0XXISuYEryPNq9YjaUeSBhOnCnB4mWhu1Shk4gCScRcD2qZO8c7xPUnTxbgLzSPoyHSepMt7cIqEtSyoFKSQWJLMWdqdY48PiAc4N7rsmJjuAlK+uH50oEpJKRU4VHzZvjHZgmLxhcuZjWuQe67VaVzBKlzKn8zMBuX9/OOjA5/9qQnbHVuTpMkSFIShRmKCk1PdSQrJ6PlsDpHTLfMZRXLDix5LQky9Lr7JSiFFgaHDRx1rt9NHMc0tNFdRjw4WsHeL4mGzZef1nEatFVpRiBYNttnlBALVcIrZ1qIbVvow0HGqSz2i7UZwr0gDuVsJ/ny4uIrnuSnxekPL6F/rzi9R0Tek4KB2BKmURlkeuY+MKBNlO9mRgsiRyr1JrDUQqIlIym5QFZZVGZiTTtJmGWn/ACzPk3nzjV9Ss1/aEy8R3Klk4aLl1CqHA4YJIPtOlnGzcoK31UsSf9d+/K85vG6xLnD8p72gHTbP3wrNAGvTcE5fGiFgtCEqxlKVEUzIp0qIVn0+8YKYimLOUw2PiCQTWaJZFCFMD6iODPopRirXe0uqjIyaV178Ty5lm7GXaApc1SQUjC2HFiL938o3jGi8Ne3UB7m0B1QdTPHsJabKAJs6GqlTj9Sj6EmPVgLgEqiZJSSVYaeVfAxulVrOu7CsHCE0zziiFYKWL2sSkKYj3t7oE9qMxyx2BTTUEt7WvOkDHK27IXoF23r92UibKlLUpL4kFsLGhYgqMB1Wm8+MxnF9liGTy3BwRr/zzIWFCZZ1oK9BhpRjV38I5H/CvbW1/C6jPEwOWoCq9O2l+yUt3e8VEFtg1I7Gn0zY+UhqNQ6Q2njgm4rNJsqLYhJxVSvEomuJIWEpUwDlCT0Hm8xoBpqUkedu48IDe6JYmqMtPcUokJr3VVLClQc20LjaGm23BSLiHepqE26zDGoN3FAU2zGfT3wGRm4lHikoBKdvsxQrCen0fKFgKToNqixJqXyFeucFjGcqnlEbKhjhGgz6fQg9UKQHHqoThWFyiNXpNpl7RmIrnuSPxYO94N8Y3McJrSoLYUVAqXIbY8uuULJsr0m9kpTJCQAHbLq59x8xDzRUQC5rj/3E9luuG7cKe1NFs4f8KdG2JFX5jnGmgclUSRgfNEJltV2fZqALl3ObnMvBmtF2EB0hLdpSPxBN/rYQCShNWbM1Y+DecAnNuoJrSsIZZQhdvngBIlygHFTip4MmFiHJwBqzKkKKnWUcsLB/ByTEDFLHRarvQEqUWDkZsTrzaNNCy4rUq3rFBLpqSUD0xmLs9lVDusN5XoEJYZndZceRinOpaa21fwNxEE2n/qVnsjV3SwIBADLcKScRcZ0BFRUYeSUQsACt44myVKJlrUpJyATROwPaMtubRtxsLDRRSMaGmhgHVHW8X1Md2STzc+8xreVnywtFn4hUkMUA9Dh+BjQkWTEtSeIJRLqlqfwLeLxoSDssmJ3Qps4d4g7aQbMh+zluur0Kjqctz5w1pnNJNBJaxrmtFlaLRIV3yliQQsAZljUb5EwSUYBQIiDhQtE8KcgggJT7yWryMDJ5PwWgKofFA79stXAcYAUq6Z+4ekAkFOTkL7aluzFlfWUUw5TDhhFbPqTmRDB4KXdmlWpJJoIAStBekWxJS/uhRjiEqRaSeKw8wHlBpHXSY04oFCrA6ZiG/NTrT5xhMJ8w/eLSEigyO1KqI8vQQ1dgBIlvqPxTjbgmXLNUpxd0YiEgDUkmgAEFBrnosluMclL1r42sABSVrmLGstLpPQrwU2Zx1gfnAHCL+HJGV5pa7wK5kxRqVqJORNcgcJ0DCgakB3WUyGADCpXOABDJTzLP6/KJaulBduV+EpbRqMHfrrFbir2hVptBNGz1H05irUoKalqZws8hSIT7qVfRQElSiMzizLpfwcgCMbh3Wtp7LWbCZacIlgqclMwKBUDsQCQQ0QPb3Cha7sfoscyXM/EhXUOB6tF7weqvb7Ks2PfPqn5xMd1VEKuZYq08v4iUpuUDZ9wYlKWuypSHrlEAChJXoPAFikiXNIX31LapGQDhku/4qkjPpDmmptlc/W7n0ExLkkKpQj4Q7gjK52QVit9nwEnCAmcljSiVgguNnYf7jCTm7TtCda7cA75INfeJaEHIAlD+Aen1lGJTdFG04qwkpK2WXDBzXxgTDRynSMIpZqu0ME4S55VuDY+jwDlXa9avWx4kuBUQoEFwXnnE0hlHlSClbhQm7pB7aRzmBhqS6WH1tE6I9qxXFhlqV2aQlRcYlVIqXYA0LxvzSOFnyL5Qa8b7mTy81cyZyWru+CQABGC8nlFbGG8LCbWdAG2/mKsrW1QM9RL7V2byiK6CmLVR8AOjknzoRFGz1UwpCatSkpASKPRIybFmamkVStcFrmYScRoQKADMHYbCK2tWgSrlJmASyFqeYCWc7sKRDQUDiUwXXwzaJwcKLf3H4QhNrI4+UyyFzkSm8B2gB8T/AFzgDfE4j1Wzp3oHb+H5ssqBH4S1A9Bi2fIQ7FqGvIQJGOaLQJKlMp80gHajgadRDOEKyuKWQEqqxfU5g1z8POLoKbipiatKlJo4fQVArpXKsSlVrsu2AjvIBG4+vjF2Qs0FITJZzoeYPwi79lW1F7sv2bJ9icG/Ko405bMSPAiCNnc3goL9O1/ITWjjiRNkGVaJZQt3StJBS/RTEesEM+7lC/DbRQQ612tM2X3FhQCgS29axbnAtwsRNLXZSlb0tMVSv8fGBdU43hELqLmmo+P8wblqC/lEUS86t1i2NwgvevbJkhxHNBRi1eZ8TyO+o/qPxgoNobMFCbuT/UlNQ48/8j6sBG+iIFRfdwIrPRR14cIFFK71Rt+F/wC6NuZwQoyU5BQccPqCMaylKQa1dWQIDDc0fc8jGCwjlGErTwsd4XcuUpKJqcKlnERT2dMj/d5RCCOVbXtcLas4Q6Vrb2lBI8XUfQROivqAomzqwih1NactekVSu1cUd4qxJDggVJoQUj2QdIlKWupkJwtiJq9Ecm1IiqKuwjNtsjIkhIL9impowJU/R2EZJyo20Xue/wCbIUEpteFIA7rhQ0fusY58ulY/O2ynY3EGnFNdn+05MtaUzVKWlR7yjLlsgHIkAYj0Z29UneHyFpLQ2+xHKZe6IDr9VLjDiy7VrBlz0EsPZRMKapY5JjcGkmbLe2m4+tZQHSNcyic5Xm0yxS1YjLXiBDHCARXdyCMtRHZaEkcIdOsQCcOIOFOHChQgA6EaCN0s2oiQrGlQZWQLEK0wmgL5D1iUpahYbM6lyzmUln3ETqoeFRLQDhfV0n4H1HlFqldLsCyhCsJZSigFs1ct/wBjFEFSxwiFx8NrtE0SiRLJDkrB9kZsGqeUbYwuNIb5Q0Wnm8rqlSrOESwwl0UfxKD1USMz8+UNviDWYXPjmL5MpEvbM9QR0ZoB0XQar7pGTZMfWvugzBbaQZTS1W13bQRRtYZxa/QYlRyA5N0vPOK7J31tuYK1yWqnJculICg4yWD7n9INa0OVOantCA5AS6v8j9D/AGw2xu412Sz3bRfdFbfcwQmUlXe7UhQWCGUkMTRnSaihfqYsAl1FbcWsZuCTOKZhmWuY2SGQKEksKuS59on0gUmXFHhxGFjm2c4Epc6qLPqwHoPWKpbBzayqsg1+EVSu18mR9VPuiUot9lsb1+De+MuIC0Ba7fFuSvupSCEoAcgUAFSxyzIGsLk5TkcdDKqt3D1osyJRmjAbQgrSlu+EpIoqndJcFujxgStdx0RRGVbdnDc614kSWK0JKwklsWTjFvXWKMrWnK2YiW4QC0S1JUUqSUqTRQNCCKEEaGDgpc+602CcZMxKlA4SK/qSdt/mIiy5qZLXZEKSFoUFJUHB/kZ6EQRpS7m0hE2wjMV6V90F2odqVillMxDktiAIJ0yOfIxhwoKA5XLVYClaklAoo6f/AJjRaqDkbuCXilrRrJUJyRXcJVmaDI+JiwLbSG404H5Iza5a0mXaEpATLXQ1cpUw9lqAlg767QSiAHIG4ElqvvJeJC+hPhnDUp/6ykoAfNCQ74ltM5EAt4AGvhCK7DSpXLmOv7fKDxcIU/C32gViyMrLOF+iJKXjgNNp6kmcTWXvKpvEa/KA5uUjykBK1P8AhKT4Yk/XhDoNhZRK0XeZaEr0UT6U97x1IgAFzprtdTbcipVJaSEjZ3JAjdAElZO4sDfdJfZKcqUzmp7xdzyHOEqyulYqgtU2zlSqJBAppp1MapZBoKJsZ/SkcykU84urV7lbKsdHK0FJJA7xZwz5J5iKK0DazX/NMoCUlnIBLOaHvAOeQfxEKPNmk9C2m2jn2X3EmfaQpYxIlATFOKKXUIHQEFTchCOpkIwOqfjb6LK9c4m4clW2QZUx0nNCwBiQrcPyoRqDC8Tyw2EN2Un8E8HWuxWsqmYFyilScaFdGJSajLKueZg73NfVIjHek2g/2v8ADqcItctIxAhM3mMkqPMFkvzG0Egko7ViZljclrhe6k2uyTpJ9uUoKlq1Dj3UjUr9jw7upE0PYQsVyXnLkIVZ54Wkhb4k94JdgQUGrUdx5QyHHkJN7LwVqtdjFSlSFChBYkEF2IKRlT03hppDhhJPBaaKzzLEofiDb4iPRUa2rO5ar0QVLStOElSQTlm1agjWKYDtCqxZVvDs5InoxvhJKFOSWChhJrs756Rajk4zkvJUhWeEpPIinoWhlo3Npc552PtAJ0wmWeaS/Vj8Yo5YVYFSApOvMd4PqPr3GFV02r65nxp/uPz+MGi5Q5/ylGrQlzBXA2gsNBe+XfNePKRvzS6vRDr8seLFGXPp5VFlrz612UJmKBBbNujHPMM3vjoRPtqXLaKothZTO4SkM9c/XIDzjsRkgBIyNBu0LvCktt3+vfGn/lVRZeq7ssGKZk4QA4LsaDwNT8I5+qnEQrquppYDKfZGrVcXdJRKQhZ/Lm53UvEUkguwYsc45h1rycldQaKMcBBk3XPRLMsTVlylQBZQAcAsFOxArTNi8abrDdhZdo2kZVX3mahQQt1pSHVhYU9lwlu6XALJYEKZnrDEWoHKBNpqHCDcVH+vNIqAph0wAfAwRpvKlbW/Bet/ZhdKrOibiHtqSQd04Et6kxyppA+THRPbNsQCfO1eLDrQNtKZNIO1ZQK/LvTOlzJSw6JiSk9DtzjFkGwmBRFFeYcL3BaLDbJktaSqVMQcMweyWIZ/yqrl5PBppGvYD1WIWOY8jolPjqzhNqKgKKDnw+hB9MbYg6gU9WcNOtEyWa4Kh9jn4d1/Ew9APVS52r/KCma7bjxy8Uw4EEulnClaUrQc/SA6vWtgO1uSjaHw9+pNnDf1RhPD8haUgpJw5EkkjzjhnxTUA8j6Lv8A/D6UDIP1KrsnD0kqKFBQOhCmf94KfFpwA7FfBDk8F022xf1U70sK5KCxUoEvifKocKBJ8xHb0PiEeoFDDuy81rvDXwncct7oIaYhuCfT+YeOAVzy26pJ16KJKXoWFPrpCgXQavrn9obPqOv7QaJDm4RmaqCkoAC9lui1OxePGyAscuqw2EdWjEPraNH1C1sJQv272Vi9frwg2mk6LEjOqUrcKgjauvLyZo9HA62hcqUU4odaJZURnSDOysxelN/C12OkKocVTyYmh8fd0jzevszutem0FCEUmqVdgw7DpnzrnCWyxab8wA0lziC5cKsWXdYKyYGpAVGCS00iNIckqWVCaRM9r8BpUAgtTmH6PDN4BCERmig9tuztreiz/wDyz0oLflJIJ/2h46MZ9FpCTml65eEiauatAnGz2dJbuN2sxqUUX7JIyoMR5DPmbmMJPJ+wToY94FLRc9w2SXNE6VjMwUxKmzFkuG72JRBjXmhypzXtFEI7NmtGg6kMNtA7+kKnoCUWmZIILky8Lq5HEII14HItWWE8Gkuz7PbJIKhPFrRqhaEy5rfomJ7qjyUB1EWTG7pSsCRvW15rxvaEzVJmIdsiCGUk6gg5EEQ1pwW4KXnIJsK3g6S5Wo5FSU/8Ti9DD8R2hz+wXO1A3lrO5TQu8u0mMKIR3UjpSPPyAmyeSvWaRrWNACNWG0QjIxNuNrSErXNT2UtUxSaqCQ7J3L08NY1HE5wICBJMxg9ZpXXhakkEEEEUUlQIPQgxUe+KQObyFkRslYWnIKUreMGIprhSW8qR7VsolgEg6rwsunMGpMR6FeeXpPxKBGgA8WaFiUy0Lbc6XUknk3p8YaiCBMcIrNFY0UIL0Lh68QGBjg63TWLCagko0U9XdaAfSOSw1ynuVy+rFiB5ikFPofYWuRSRbfd5c5R3NHqG7aK4+rbtdaGLsJ3EdDzmlc/zKTbcCRIs6lqBJTiU2F1MA/dR+JRAoOccPWFsk/pK9ToNzNNbgfgjFlvULlJmKxJxoCsKwErS4yUkGhEJSHbYu09G3eAQKQC1X33AwXMeYmWUywFFLkutT5JAHqMoxHH5gO51IsrjGRtbaWb6uUzJpEky3SSSp2QlILFRI0q1A5cRITVg8BEeLAIGT0VnC1zLN8ypq8BQmSqYhSC6VLQgSzoCC68THflD0crTEQ1c+eF7XjcE5S7rNoWpKioJSCohPtK2SknIk6/OEtPpxK4lyfl1HksG3qkrhxVpRPmJUlQlhToVnRxQ1LO9HrQxJmsoFvPUIsReSWv46FP1umlEtzmzxKoZS7QCcJGTPmz5uBKiASAG1JNBy67CDxstRxpYOIL2mWO1/dnXMSGCl4SADR25Aln8YYMLc10S/nHFjlLPGHfdXjG4MIc6I2SyiRdwmP31ss/5kAf8WjovpsBHdcRs2/XNb2tDrtnkMI40jV6yB5GE+cM3VMnMpRKJe+qunzhRwFo0uooUF6RdqESkYJYCRyzPMnU84I1+0YXLkaXmyhPFtgE+WSG7VI7p3/SeR9Iw51nKPpnmI44XkNotby5jgnNLeRy11pHf0eNN81yPFHB+qB9koXml1lqZerQQhKtOFuuxPeQK5gfGGmdECXgo5MlDnBSAlWuJCJ2K0tlHIlNqgXAp24cvAks+g98cnUw03cF1NNJfKfpCQtFYuBnmsoppxooXe1xhQcRboXx5HCDK0SBJc+ziXMBOh/j1gokLoyAkYomx6hhfxaLWCxFasyMsiRoIQ2kkBeyMga21K/LoUpJCcQAFMDO+pNffFuaQsxStPKGy7iUZZx+2ksFhgpSWBGLDq7jwgRBqwiCQB1IddVna0LlqL40a7pUlXufygjTbCiPNEORu45yUzwyWJQo5cokB9Szqmbo7PdGe3CyMwdwSPdBwUpsLAtrBIycnepjTil8kpf4qnuhbaU5QJ5tyc07KblJN1TiFBQg/CsC0YvMCYMZU5YO9XbJ3z6xe6zanliqSNxNNR7Oe/OGIgeUlPXCKWG1zp6ZcmdhNnUMIlgBgAQAxzChQg8ohdXVZbC272hD7ou1phCziwFmGrH4wGQ4Rmk3S9JsvEEpACVJKWGQKD6BTwntKKW31W1N7pKcSSWjOVRalm9eLVBTJUgJNASCSTyqBBWxEqEtHKUrZLaQtZCgpS1HE9MSnIZLOGYVflHX00hry+gXH1mnaHedeThKVsAxkgFnAbwBIhvqkxwiN2UWnk59/yhm6Fpab8ppG1TH1EZ89JCSuQrrAkbn0jnOtMEJouechKxU1Gw+cLTAmMhM6c0V6tw/NSpDgvAtG9gCffZUOJ7xEiWJhIbGkEHUEsfIV8IJK71Y4VsbaReJ1IKiQc6hm+cJwn1YSmpCMcM2gLQlTviSHOuId0+o9Yt42yLr6aQyacHqENvzjWTItMyQUTlFCUlRlylTA6qscKhhYEHxgjYS8XYAWjKG0KJPsit12mXPswnoxBK9FBlAihBByLwu6PYDaOJLcElX5bhJnomZ4TUciCD6GAxC7TjnYCPXcQpcuYgugqZ99CDsQ8E8t0bxuFKeeyWI7TaIEdmtjoYMfSVi97bUrXalqSQijhh8/reAveeiyyNgNuSdfEm2lkOgpc4iAQCNKOY1GW9UV7j/asN22ZSQcQYk0EHJCyw91O8rVhQQ8WwWVtzqCRbWTMWwDnSHG4C5bzucnO6iiVLRNmHChAZNKqWqj9Eir8zCxBcTSO57WAA/BYboWlM8pKklKsiCCOWUU4W21GfmpNP8A4IiZJElQllCVYkkp74O4XrnmXgXmkLR0zXGza3SLnSJUxGIgNvkMoAXEm0UjgLBbbplKlCUrAZaVY2MtJL5UUQ4pBmyv4Cw/TscdxSXxTakr7oJAxhKBRgKOSDo4J8BHYii2Cl52TUmZ5PQGgle0O9Dq79avypBxdrC1SVsf7QYO/wDKgPFhS+9mE0Ly0alzDpEc1apbZVtwqSevwjAZdhXwj0niiclAlyFNNNQrRCcnI1fIDWu0c2SHyzuK6EM2DayX4i2WoAzbUtRTkMKUpB/tTAxqBfCJ5tcKn76oSkoV7UtISemQI5ED0bqaJgJsJOc3lEeDb+EtZlLLJUXQdlZEeIbxHON6qElm4dEfw6cMk8t3B/VPpTJWSogOrM70avhHO3A8ld8B7eFkvW8pUmThSwA0jLnCtrVbWOLtzl45xPfRUs4KqfwEOaWDqVieQ8NWW6eKLXLKkiakJUXV/TBD7ioqBR/fD89SAB4tI6fTuic7YQP0XtH3xNokyrSggpmpen5hRQrkygRHM1Ppda6GkJraeQrLLaEIGJZYD1hdhB5RpGOdhqy2y2oeqVp5qSQK5VggaVA3pYQa3rDEiCBZJSbfdqOUNRtQJHrBYyhHtBy8PHTOcBRXKGua0mx8F9bbaVjvE7AaAagB4JMGxRbGDJQ9K588++Q4GVnu4iWocy/QwKSA+X7rceq/776cL0O57c6Q5jlvau2H4V9pvObKxgS0LSugJOnOMtYCo5+EtX9fAACUq5Q1p4rdZSWt1WyMgclK9sn0OWRPhQefzjphcGNtNAQwrJUoqo/o536RuPJRCMK2StyrZ2+MEc7BQ3DCgsQtSpEUWto0VC1cm23vDkPWLaFNuEd4UnJImKOePLkwYcv3McnWgl6OwUExot/aEAAsHckN0AjneXtReQgPFClJwrR7YcZO4OYI1FIc0rsqNA6ofZB2iUTHwhRIKRUhacwPQgnQ8o6ImaAQ5CdpvUHM4P2R+zXtMKMSJhH6Sx5RxZGDfVL0sEh2IRbps+ccLkk6DM/LrBGNY3K0bdyaHdTRwl2ctU6cqqUk4QHPIO7OfGNfi7Ia1CM8Uf5W37lRPCwCBixYiHLM2I1OcX+Js4QRqabW0Ji+z+09mmZYVqzJmyerf1E+QCh0VFznzWX1CqGVrZLGLR2+7lkz5YTOCsLuFJUoFJ37pr4vCkLzE6089olG0pVvS5pQCv8A1K2rBA7nbKUS2lRvHQGovgBK/g2t5cQpmeJcoOTQalz4nUwOtxWy6gli0WjEsq2y6/tHR00O4+y5mqn2toclTuqwzLRNEpGHEdS7JAzUWzYaakiHZnljbXMhY1zqKbL34IkS5BUSpS0JKgoqIDtnhFPCsIee5zhadETWggJS4UsP3mTMJquqQeqaUyzOcEmlcMLEcTeaRK6rRhASrIhn+cIPFm11WOoK+87tlgYicWobM8neIx5OFp5AFlLNjsa7WDNStKS5ThUDhBGQJBcUI0MPNG30rlSnzMlY7UsodCwMaXCgNwW+cHGEucmwslpV3j1byJ+EaapShLXn1+BjTjhZIUjMgaqlD7xFWt7VWq1ajMRNw6KwxErFeKpTzE+ypu7v/ECmja8KmtzSO2bilgCqWtIOTjPpvHPdpgTghMeTIBkK2fb+0TiUCl6AHM+GkYDaNBG/D1Hudz0C4ZSEIkgqImYyvCMqsK82AjO5znOPThHLAyIB3KldlnWuaqWhsCT7dacm1q48IqRzWt3HlMAhrQfsnu57tRLDJHUmpPUxzZZSUN8jn88dll4nmjChA/FMSPAEE+6NaayS5CKx2zKCsOVSWLbMUhYmIJStBxJIzBGRh2IrJXqdxX1LtFnTMLBTArQ9Uk6t+UioOxgMrNvwT0Ty/jlQvIyGJAS8DbXRHG7qvLuLbyCVMD4R0YGWElO/NJeuu0leJJd3xJGewI9x846UTwzBXNnj3Cxynn7Og0ycvZKU+ZKv+yMa13pAQ9K31FM/E9u/pkPmk+4wkzlNuSf9mSf6E07TG/4pg8/KxGsHFN8yEzVJllRNSpsISFvUAqq+dN4w2K8lF8whGbiVJVJHZEqB9on2n1B26CKIoqrtAeCj3bQnaZT1Hwgz+hQmjlBeL5oE9TZqSknyb4PBycIG3KHJtBd96xbXUskKhU1idohcrpSE0HWKtZ2rRY7itU4FUuRMWBskwEvb1KKGqmXdk51f0Zhwe13D3etKRN7RyVKKOXJKQEGdOSVkqwypbEuc1LwgOWdhpntC+oe4nYw13KZ00Yvc4XSJWM/eAp1FCwfYYMBoMJD5Qs7/AKjYyO66DZROSx+D2UE2VSwtBpMlDEkgnvJyLcsukQvAojg8qmNItjunBQOy2hfaPNBGxYs3Iw05rdlMSL3O329ek8M2RAHdNFMfIAfv4xxdS89UfduTOZgSmEaLiolO9ppXNQdAsD0UY6ETdrCslX2xVIpgyskpSvWbD8QysEqOCauzy5iCoFIUlJBKVEBQZiGxBiRT8sH3NDtruqch08kkW9nRBZ192kjAVTPNTwRsEd2EJ0svBQxaVqqX6nP1g2Bwg7SeVssNjUquIISD7ZISH6nqIo5U4Rpd8CzgdlbJi1liQkOl+qgxzO8Z2X0ULlXM42mLpMQF0If2TWmlIsRgLJymT7PE4Jc0O6VKCgciKMQRoQ0SYcEcLLAW2CtVn4cs8orKUY8YZRmHFQu4FKPGNxK1Sldl0SrOF9niAVUgqJy2iEkqAUljgtVJ6t1/An4wSTosM6oHxWMU8H9A96oJyAguwUIDiJlUuKVEBUVcRWnWzfaZbEIwJTJAd3CGPmDGNjeywGECtxXLDx9aO2Hdl4ZhAUC5d6O7vqYFJC0tK3C0hwz1Re2XwpSlNZUKZglQxPrkXLDkIQDQRkrthuw+kIeqafvMtQBBUghVDmKiNsFxkJbVna9rwtN5BXad0sQAUnq4IPI5ERiKtuU3KbOEEmzJxXLWgKMvF3wAFNWoIhmMNAIPK5+r9W0nhOvDVrSCpAySWHIZt4RzdTGTkqRkVhF7fa2STC0bLK2UDTNxKlbuVn3D3w2RQKyuXra2Bi42LBKFKtcqzKSqdITPmFIUJcx+zS+WJIIxltCW5Uh+EdkR0JaBuvKjxHx1abXgC5EpOAMns0KSQn8vtEN4QR0bX5JR9PLLBYYDRQBU9ZylTPAH5RYa0dQiOke/hh+izrsk5eUspG5p741vYOqF5Ez+G/VWyrgWaqWB0cmMnUNHARmeGvOXEBX/APg0tOZKj5DyEYOocUUaCNvJtTsdhQVhKUAklgAHJ2aI5zqUZFGHcJjt9mVdgStZftGcA+nNg9d4YhNja7hczUkF25iMWS8EzQFpNCARzzoYw9hasDKpvi29nJmK2SW6tT1jLclR2Al3g+RhkP8AmJV/2j0T6wR/KwzhBOJ0gKQofiBB8D+8Fb+VAf8AmQMqi7VUoKMUrUXiKKLxaiklbFxQiKUTrcN44pQKlMoKIrQK1odCxyhOfTgm289l0tPqTVO+q3260JWEy0VUTppCTWluSnSQ7CnbVpK04FgqSMKktpm5VlTbnFxggGwsvouwhE+xze0PZuEmpIOvTWGWPbt9SUniLnYC2XPilKUo657vApqkGEJjC1X3pfainCPUGMRwC7VuWG7L1Llz3sqjTlygksNcLUYBFFFbmAtNrkSV/wCmqYnGdAgEO/XL/IRI2AcrL4uyauJrimy7QpkFaSo4VJDmtWYVBhdw2uIXp9Hq4ZIxdAgdVml8P2pWUmZ4ht94qj2R3a7Tjl4XU8L2tRbsiOqkjVt401hKXk8RgH9y+PBM8g4lS0sMnJOT6CDCMpJ/iUfQFa7DwSjERMmKLaJAA0GZfWN+Wln+Iu/tCyXnd1ms5BKUJ/8AsLv/ALjWCBvZKu1MjuSl+zcU2aTOC3SQH9gfpajDX4wXYSEDzEu8QX1MvK0JJGFCKJT+VOpJ1Jp6QQ0xtq4ozK8NCL3IiYlbIDoSCSOVB8YHHNyDwmtXAGtBHRV8ZXglUrAguVLAO41YwUR7TY4XNe6xStsKlJSUISCEd1yWyAG0Be7KMxmEm31apiphSsAYCQANHbz0hgcJV/5kPeLWVwmIouPFqLkRRfRFEaua8JaUGXMOHvY0qZw9KEDoPWMubfCJG8NweEW7SUSSgnve1hVTzBr4wtIwpuN47rfY5iAGSw5Qs8EnKZa5oGFrlW1ByIgZjcFsSAqZnJVnGdpVEgqielGkWLWcIZa5Iz2g7HFYcEdVck2VZxjBTMnoExL07lcIOz5nw2jD37XgHhP6TSieBzmnP7L65/tNnyFBFqlmbgI7ztMAG+i6a06mDO0zXephXNLnR+h4pN1t+12VLPds0xQOpWlL+ABimROKG4AIVaftn/JY/wDdN+SIM2AhDsILbftXtKgyJMlB3OJR9SBBBCFVpctnGlumO9oWkHRGFHqkA+sbEbQpZKCzpc2YcRxKJ/EpyT4mJbQtCN56KiZZyM4l2oYyOUw3DKDYUjvlnGtcvN4XmtdHQuYAR1XotgsIsdnVMnMKYl8g3s9a+ZgbQUHUy73Y4Xltltql2hawO6pRUUnJncDqKV5Q7v2NpKMi8xyablkl1HNC1EpPvB2Ihadv9w4RWAttpSpxjJw2gkfiSD4ju+4CDxm2hJyinIG8EQ1yIovoii+iKL6Iovoii6DEUTVwlaEdlOStQBHeqdGbxhHVMcXtITcDwGOBU+HpImSBuklP/d8YvUEtcgscRwtc2QpOR84CHA8o7ZSss2asZg++NhoKIJQtV3rABnrGKXLUKaKVmE+VTybeJtzSKMtLui9lv/sbws6J0tQqkKlrGj/hPkQRoRC87juyjaCZ2nOOCvG+J7IpC8ExAJ0NC/QweA9QmdfqI5BwiC7mlTpMqZ3g6GLH8Se6cxuH8YG6d0bqC3pNHDqog82Ch03h2UNV+Y+UbGreiO8JhHdSTckn8pJ5kxPxLyqHh0Lei2ybhX/7chRG4Qfe0Vvc5U5kEfZdtvDtoCcSkhIO5D+QeCMwlZ52EYSpednCSxLw01cx77Waw3rNkTxOlqZaDR6gjLCRqGghAOEsHEG0z8V8XLt0pKJaChNDNS7kr0/xfLcxgMDcoocX4VHD1yqKkoA7yzXZI58hC0j9xoLrwxCCPc/+eyc79sMuxyO0xMlAYfqVs2pJjUZ6dFzpHbju6rzXiq1pmmXMT+JJcbEEOPWGGM2ikrI60BjaGvoii+iKL6Iovoii+iKL6IovoiiYODbXhmmWcpg/5ByPR4W1TbZfZaYcptnSnjngoqsu26lWidLkobFMLB8hqSegc+EbYC40FV0i3F1yplFdkySkd06l6hR5nXyjJLo5fgvVaLTxz6LaOv6pEuu/7XdyihKgqWS5QXKDzFXSfqsPOYyZtrhSxyaZ+0r6deqrUtU1QbYO7HVvrWMeWIxtCXklL16f9jNtlTROsc6Wlbf1peJILCiViopXCfExoMa7BCG2WSM2xxC9FXw9ZAp/u8rpgT8oz5LAeEY6ycii8/VQNhlo9mWhNG7qUj3CN7QEMyvdySlriXi2yWYNMmlyMglZJr0b1ibb4UC834h+0GSskSULWlmdTJBz5k67RYiPVb3gcJAt1vVNU5AHIfODAUhkrMrM9Y2gqyyWlUpYWgsR5HkRqDFEWKK0x5Y4ObyF6/J4mu+zWKTaEBZmzkl0McWMOFArICQgKGjkirPC3k0cJuTVvmy5efXrb7Rb5hmTCEoBOFI9lA2SMyeZz9I2XNjC1Dp3y/BB7zlBAwjQu+u0bjcSEHUxBhwhsESi+iKL6Iov/9k=', 'no se', '2025-09-05', 1),
(2, 'Me gusta el arroz con pollo', '', 'Solo me gusta el arroz con pollo\n\nActualizacion: Ya no me gusta', '2025-09-05', 1),
(3, 'negro', 'data:image/jpeg;base64,/9j/4AAQSkZJRgABAQAAAQABAAD/2wCEAAkGBxMSEhUSEhAVFRUVGBYWFRUVFRUVFRUVFRUXFhUVFRUYHSggGBolGxUXITEhJSkrLi4uFx8zODMsNygtLisBCgoKDg0OGxAQGysmHR8tLS0tLy0tLS8tLS0vLS0tLS0tKy0rLSsvLTAtLy0tLSstLS0tLS0tKy0rKy0tLS0vLf/AABEIAM8A8wMBIgACEQEDEQH/xAAcAAAABwEBAAAAAAAAAAAAAAAAAQIDBAUGBwj/xABJEAACAQIDBAUIBQgJBAMAAAABAgADEQQSIQUxQVEGEyJhcRQyUoGRkqGxByMzU9FCYnJzgoOzwRUWJDRDY6Ky8ETD4fE1o8L/xAAaAQADAQEBAQAAAAAAAAAAAAAAAgMBBAUG/8QAMREAAgIBAwMDAgMIAwAAAAAAAAECEQMSITEEE2EyQVEFgSJxsUJSkaHB0eHwFBUj/9oADAMBAAIRAxEAPwDoeH80RcRQ81fAfKLDjdOW6RZKw4I3icQEFydIVDEhtYvcG7bqx6HBmEUI2sXSJtBaLtDtDUGkbtBaOWgtDUGkRaC0WIIajNIi0Fo5aC0NQUN2gtHLQWhqChu0Fo5aERDUFDdokoI7kkaqn1ijhYw1G6RwUhyEPL3R3IIMghqMoby9whZe4R3LBkENQUN5e4QZO4Ry0O0NQUNZO4Qig5CPWhFBDUFDJoj0R7BDy24RrFYNHFmHxMi7Pw4QFReymwuSdN+8+MNQUTrwQoI1mCaPmr4D5TK7d2waVdkzgDQ940E1dIdlfAfKcp6d06q4uq+XskrlP7CzNNlccqZcVelasMhBe287ry0TpBRamGuVtw5zlwxz7ssc8pflFeEusiOxbE2mtUXBv475dicU2XtbF03D01uOR3GafB9N8RYl8Ne3Jh/OZoaEnvwjosLPMJgOkOOrtenhuzyLay3p1cbvagPeExiaX7mmhiUNDGYo76FvWI+a+J+6HtELFot7QWlOtfE8UHthtWxPBRCwotxDlZTevxUe2OXrch7YWFE+CQh13Ie2ERW7vbCwonQSAVrd3thZK3NYWFFhIVQ/Wr4GJFOtzEi2cVe0fCDBFzBIgNXkIGNXks0wlQXkE9f+bFK1Xig9sAJkEiGpU9D4xqpUrcFE0CeYAZVNUxPorGXr4r0VmAXNRxaRcMPOPM/hKrrcUeCiTtmBwGzm5vNXIPgmQQQRhAqXmr4D5Sn6R7IWtSYiwbmZcUvNHgPlKvau0qYDUie1xHdFnwVxJtnL8dsQ06fWC++17aGVVLEMCLgG069tGlRq4RqdMg2GgGpvOVVMLlJIG7eDw8ZsJXyXAcVU3KTa99JMo03JFrkmT8CEZLhRfj4yxwyVUu9JFOUeoxXIqo0Suj/XUSHJJBIGW28c5vkrgjfMh0c2oy6YgDU8t00ZxKOPq2Hfa0nZPIrZIsd8cSoTwhUxpvjomojIUBDtADBeVRIFoId4IAFDtBDmmBWhGKhGZRokSuxijrVPqliZXY++ZCOcWXBsSyEEAgtNRgIIUF5oCrQrQZoLzQCKwssVEs0wBFUaSNRXfH21hZJi5D2EwQ7QRxBNPzR4D5TMYvEhsW1J6N10Gfjqomop+aPAfKc56TbQeni6pB3FbD9lYklaOnB6je4XYlJDmpjKbeo+qcw6TYJkxTrmBLa6bteE0+C25iHoFqZ7hpciY7E0X6wlw1ydWN73MWJWMGnuS9kYUkFdO7neFXvTVu24sbONQAeE0uysIlAo9ycw7Vx8pd7SpCrha4RVLMNLgDlx7rRdW5STo5l5Uw0zHn6u6IbFVAQVqMjHzWUkEjkZZmmKSWYi24HeVb8JV7YUi12/St37iJVUxHZdYHa1RKJJqs1QaAsSSD3yvfpZjRqaptxFh7RpukUMRbXNca3/ACh+MhYqqpGhKkXty8DNjFWTyS2LZummMXTrwTv81SGHd3yz2B0uxdaqqZgwY7wuo7jOeYh/ZfdxU8/CaHoXtIpiaRRAWuAw4MOJHfHlBKNkFK3R2INVg62t/wAEtKVQMAYu0hVm2VIrVf8AggOIq/8ABLbLBlm0ZZTjGVeXwgOMq8vhLfKOUGUcoUFlKcfV9ERLYh2ZbiXmQcpBxwAZLaazGNF7jXlzjTLCO0G9CWDsoGpA8bCRG2nhhoa1IftLNSYraGP6Tb0I221W9CT6OKov5tRD4MDH+qU8BCmFopW2w3oQv6aP3Zl15MvoiF5KnoiAbFN/TxH+GYlukJ+7MuvJE9ERDYJPREw0pD0i/wAoydsnaXXZuzly2+N/wkvyCn6Ii6WHVL5Ra++bHkHwLggglSQin5o8B8py3pihOMrcrrf3FnUqfmjwHynLeltzja3iv+xYvsXw+og4THuq5QSByE02zsStUB6vaC/HxmMRO1v/APc23RChQKszt2xvXhaSmjrvYe2piesKuGXq13AecD3iaPZ18l1pgqRqDvPhOebYKviCaIyre1uffNtsLFO2HceipAO7hFaFl6TEdIaOaubIUFzlHC3I98hVKKnKGNsu4n5HnBVrM5OZiSCbi5sDfgIi3h475nco9vF9HckpOWz+CJiabEsRcLv7x3iQKjFTlZQ19/IjulxV80gHUjjK5MGX080d/A93OVx5f3iHX/SqlGOBN3yQsThQQCmh4cj3GS+h9G2JpXNgH4/kkcD3RvF4VqY866nfwMldGaJbEU+OvtHfL61KDaPFy9NPDl0TW6O07JS93sRw36EcxLKMYMjIABaw3R+QiSnyHBBCjihwQCExtMArtu7ao4SkatZ8qj2k8ABxM5N0p6bYuo1Mim9Fan2FNBetUFwLkkELe4sACT8ZbUkO1tovUc3w2GYoi/ks43sfgfWvfOipRQZbKvZ802F1vvseF51KEYJWrf6HK8jlKo8I570Q2bjq1fNj8GvUFSb1WLOG0y2VnJHeMom8XZdEbqKD9kSXeHBzbM7cPgz/AEk2KDh6hw+FoPXA+rFRVyk3F9edr21GtpzxNuYnAuox+Gq4ZWNhVoO2QfuyzU352GvcZ2BqqjewHiQIirUpsLMUI0NiVIuNRoZqm6p7mdqHsq/Lb9Ch2ltfFYKkazqMTSWxYr2KqqfyiPNb/TaWPR3pVhsaPqn7Q86m2jr4jl3jSTcRRWrTem1irqyNxBDAqfgZ50w1epQqB0crUpm2YbwQbHxGm6EcMcifsysZOO12emY1Vrqu8zEdHemLYulrZai6OBz5juMlVq5O8zkcGnTLakXmJ2uo3axOysaajNfcALe2Z1jLbo2e0/gPnNUUjNTZfQQoIxgmn5o8B8pyjpc+XHVrc19XYWdXTzR4D5TkfTioRjqviv8AsWYlaLYnUiLSqXHm68+cl7OzAkKbd8r1qELm4X17ppNk7MOZMxAzi66yctjrRJ2VicPTVxUXM3PiI1T6QgKy5GN7gEMFFu/Qyy27sHImYasOI3GZDCYepVc0qa6jznPmrfW1hvPd7bSUuLO7oI9Pkm1l+w3VqAXJsqjiSPiY7h6NR/s6TsPSIyr7WtceF5ocJsJKJDMpZ/TexP7I3L6pOLTmllPajn0RUcapL7mdpbDrHznpp3AM59vZkj+r3PEVPUtMD4qZBxfS56bvTbA1iQxCFRmDjg17aX7ry8wWKqVKIc0urqFScjG+VtbAkcNx9cJdxK3/AEIR6t5G0pO1+aKnF9GCw7OINxuzopH+m0Y6P7PqYfF0usUAE2DA3Qnlfge4/GHs3ZeNDrWxGOIsbtSUfV29G+g+Hr4y4xe1cNYq9elY6EF1/GVWWcfwp2vBw5cMc/8A6TuMvL/ydGAjk47R6c10qNTGKpMi+ZUcjtLbS54kbj4TV08VtUgMqUyCLg33gzrUGtzwJ8tfBt4JiDj9rD/p0PriRtjag34VZtCG6vKXpjjzQwWIqg2K02se8iw+JEy+N6VY+kAXwg1IUa7ydwllS2Y+IAfGNnvYiiPsl4i6nzju1PLS0pCF7vglkyqOy3ZmPo42NhGRqeNVC4Wm9KlVbsGnUQO1RUJs7Zyyk62yAacV9Ofo5pV3SpgXwtKyhXpEimpsSQ6lQe1rY3HAazb1tn0nUI9FHUbg6KwHhcTJ9LaOEw1i+BBp5dBQoUxme9iHq5fqlAsdCCc2l7GdKyNztNkoOo00O9D+guDw1ArjThK1VmLXJUhFygBFZrE7ib2G/wBZr9rGnTqvRw9Vhs0VMMMS1OoxSkzF+tp06gJK07Clmyns5uEyGK21hbs1Ck9MndTYrUQEC1hUFRWAuCdVJuTw3a/oX0gpYimaDeVCoi3PV/W02DE8Alk5WYbhvJvG/HFuUrHlTSqv9+xo9q9FNmV8PUp0lwlNnWyVlFJmU7w173PtvYzEdHPo06vEpUxWJwbUUOYqrh+stuUqwAAPGaapgMMHCmkjM90KYihQFRWZSadRSigOhIym19WG6xEs9n7DwVSlTqeRYcZ0V/sU0zKDy74scjimtT3Mct+Cr6V4fA4akr4DqaeL62kKK4dlzVCXUMjohsyZS17zle1KZ66tp/iVT/8AY064mBpYfadLq6SIK2HqrZVVRnpOjZhYaHKxE5ljPta366t/FeXw/HJjdiuiOIaliV3hX7DevVT7R8Z0wzlq1ShDDUqQR4ggzcbC2u9e+amVtxMh1UN7Q8GWxlv0bPbf9H+YlQZa9Gz22/R/mJxlDQQQQTQEp5o8B8py3pphgcVWbjdfV2F1nUU80eA+Uw3STYrVq1Vg2UaHxso0it0i+Lkyob6ixFzm0PMd81eGwV6NO1Tv71A3zN4PEKSaTIbcbcD3TT9HaLMMvAEC/Jb639U58zko7clMzksb0clliarCmC5bISFubaljYC2+UHSei9HB1Wwy1Ea6EGnmDWaqpc3XXcWufGW3SJ0VqNMVczGqWIvuAo1eHiRJ2Pqjq9DvsBOfTokm23W4+D6eppS1ytuv0OLUcXiqzhBiK7NrvrVNLbybtpLansXGccYw/e1jIWIxRo46uwH5T7+9laTG6QNwUfGe6oqUU0lucGSeSE3FSezHMRh8bRUsMYTbgWJJ7hnBEraW3sZUKotdrsQB2aY38zl0EGL2ozAljfkPwkNcLUo06WI3KzHLvv2ePrAb2d8Hixr1JW+NhoZuoadSlS8s0R6KNU1r4pnO/cWt4F2PyicT0XoIv2tS/AXT5ZZHO2nI8/5fhGDjebH2xlGSOaUpN22QMLsw1KxoZ7WzXfIz2AF75EBY7xoLz0LsCqhoUxTqrUCKELLxKixuN4NxuO6cP6HHNjWb8xz/ALFm9TEtQfr6d7j7RB/ioN4txYDcfVuM4eqz1l0Pg9bp+ieTp+5Hn4OiQRuhWDqGUghgCDzBFwYstE2OQy+1j1uOSmfNo0w9uGeoWAPiAhH7ZlneZ3bteum0GFCirmpRpkPUfLTXK1QG4ALMd2gHHeJeqTYX38bbr8bTpfpj+Rxftyv5/oO3gzRu8O8U2yi2p0OweIqGrUpEO3nFHdMx5kKbX798s9l7Mo4ZOroUwi7zbex3XZjqx7yZJvBeM5yapsBrG4brABmKkG4ZQuYc7ZgQNO6O4aktNFRRZVAVRyCiwgvBeLYFTtPCu2NwdRVJSmMTnbSy50QKD4kH2TjO1a5FeuAf8av/ABXnfAZ5+2v/AHiv+urfxWnX08r+xqJOx65fEUVO5qtIH31vO/jZFMblAnnrYTAYmgToBVpk+GcT0T/SlH71faJDrnujowrkabZFM8InAbM6pmYG9xb4g/yjx2pSH+IvtiqOOp1CQjgkakA8JxxbsrJbD0EK8EqSEJuHgJmtrmv1jlad0va/qF5pU3DwHymN6QdK+orVKGW9iD7QD/OI02tisJJPcg4/ZOJRTUWipXfpvlBsfbjtW6lr0yxsZeVOnzEZQthM9iNp0mqdaV7e+82MHW6G7u/JoNv7KejUpVi2axue5bFWPqVifVJmY85VJVOIVa2Ie4IGRCbIFbcCPyidN/h42V5wZpJv8j6DocUoY/xe+5j+kPRms9dqtGxD2JBIBBsAd+hGl5W/1axnoD3k/GdDgJlodfljFRVbE8n0vBOTk738mGwXQ6szA1nVV4hTmY9w0sPHWa/F7Mp1KPUsvYsAANMuXzSveJJzQ5LL1GTI05Pg6MPR4sUXGK558mMqdB2B7GIFuF1IPrs1jAvQduOJHuMfm01NXB3JPWVBfgHIHqER5D/m1ffMr/zc3738kQ/67p79H83/AHGdg7Cp4a5VizNYFjpoOAA3CWxMiYfD5TfO57ma4kbbW0OrSwPbfsoO/i3gN/sHGcz1ZJ/LZ1fgw4/hI1nRnY+bCUG65xdFIF9AD5oHqtLP+gh99U9swOF6U1qaLTVrKihQOQUWHyh/1wxBPnz0dDPlXJWara/R1ly4iizvVpX7BN86G2dV/O0BHMrbjI2xNtHElmWkVpL2Q73V3cGzWpkXVRuubG4Okz/9a6/3hlVV2vVWo1am9mbVwfNc82A3N3j13l8fGmX2OXNj31x59/8Afk6XeC8weyvpJoMAKyNTbnbMvqI/mBL/AA/S3BvuxVPwLAH2GO8Ul7ENVc7F7eC8r6e2aDebWQ+DA/KOf0jT9MTNEvgXuwXuiZeC8ra22qCedWRf0mA+crMZ03wVP/qFbuTtH/TDty+DVki+GaW84Ftf+8V/11b+K06VS6VtigThgqrexZzdh+7GvtInMMXfrHubnO9zzOY3M6cMHDd+42HIpycV7D+xkDYiiG801KYPhnF52p9k4QgldLb9Zw7CGzoeTD5zXLtNvS+M5+rg5tUztxtRNzVxGCUEZASPGS+ib0i79Wljl18Mw/8AE5x5YeYmu+jivmrVf1f/AO1nIsLTuxnOzewQzClBBKbh4D5Tj3T1v7dW/Y/hrOwpuHgPlORdOlHl1a54p/CSPi5CXBl3Yxu/dJ+ZRuXXviJ0CE3YW0VXs1AzOptRB1Fj+SvAHfqeB36TSVMb1NPPWYA8hz4Kt9WPDv7pjGpg7xC6ob99t1yTbwvunHk6NSldnqYfqcsePS1bXH+TY4LG1mpJWfDkJUGZTTPWWU7sy6EHwDR04ym/Ya4LXGV0dCdLkWcC+gMt+glUtg6eg7JqU77hlRyF+GnqlptPZq1kKWAvuYDtIw7SsD3EDhOGcYKTXBbH9Ryr1U/1/sYvFYdaKmpSsmXXKL5X/NKjidwIF7237i6uJrnUUUA5NUIb12UgH1mNYxnBCOv1lNgxUadYouM1O+8ag9xAB5xw44sLJScn85WRR3lmG7wvEafuerCcZLVF7P4Cp4+pUJVKeUqbMX3A77Ll87Qg7xv56Q32iaX2y6HRWphmBPIoASD7RpwjlBRSp9pt12ZjoLklmbuFyZXth61T6wOAGZGCODoqMCtiNVJtc3B32gkm/BrckvJHxfSq9xRpm+7NU7IH7O/1G0onr1GYuzZmPHu5AcB3Sz6R01FZStrshL+ogKT6rj9nulblnqdNjgoKUVyfO9fmyvI4Tlsv4CDXfnC69+ccyw8s6aRw2NDEPzhVK7W3xwpEumkKQWUcIiKtARK2O0WfRpEWutV3CBLkXHnXDLYHcLX4zY1ukOHX/Ezdygt8tJkNn4Rq1VKFO2Zt19wAFyT6gZP6R9GqmDRajOrqWy6XBDEEjQ7xoZRTS29zz83SRzS1ybK3pFVOIqdaFsAoUKdTYEm579d0pLS1oVZX4lLMR/zWLL5OiEVFaVwhFGqyHMjFWHFSQfaJLzE6nUnUnmTvkISWu6LZaERynvHiJOLNzMhUPOHjLIiJIJDOZvSM3P0RsfKa1zf6n/uJMSVm4+iRf7RW/Vf9xZOfpZiOpQRME5hwk3DwHynHunf9/r+Kfwqc7Cm4eAnHunn9/r+NP+Ekph5CXBQQ4ILy4gYMBOkK8EAOrdF1AwtAJwp0ySNzZlDE+NzeWg7PeDbvt/43TL9AcaXwvVsSOqqGmrcCpUMoPhnt6hL/ABVFnQqjlCbBip1tftAX3Na9jwvPEyRqbT+Tri7RT7aNOuS1W/UUCxzpcO1VQbojDUBdQSN504EFut0erKRkxK5OPW0szL60ZQfZHNv42nSGGo5BkqVqNLKNMqgg2I5XyA+Msqu0wrEBajnsjKqNYXG7ObJfUaZprulsPjzTxu4sgDozTYfX1DVO8LYJSvw7NySfEndcWma6WUfJsiUq9QO5LFCQ4SmLi93BNywsNfS5TYCvXK3WhlQ7+sqDOo7kQMNOWaYHpfjhWxRKsGCoiEggjMGdiLjQ2zDdxuOEv08HKVPgXJnyc6nf5sqNSSSSSd5JuT64IUOemtuDjbbdsEEEKBgDEudDFmN1Nx8DNApbQiba8ocJt01M6GlRpOiqMmLsrqKnUtlLKSBUamrWyg3awJ9knfSFj3ajSR2F3qdYqZCjJTVCtnFzrmY2PdM9s+t1NQVB28pcC533DICT4G8Vt3HHE1etK5Tly2vfTO7b7fn29Uo4XKzli/w0O4bYx8lOI6zcjtly6dknS9+6UVWoWNzNVsvZPWYYdtBmWquqXN3e1yc28FdCBpmO+8y1WkVYqw1UlT4g2mzI9PNSlJaraf8AARJAjEfEmd0EO4fzh4yzMrML548ZaTGLk5E5ZufomH19f9Wv+8TECbr6J/tcR+gn+4yc/SxFydJgggnKOEm4eA+U450+P9vr/u/4STsVPcPATj3T4f2+v+7/AISSuHkJcGfzQBoREQzGdBMczRWaMgx6nQcqXWlUZALlgjFbDec1rQA2PQXaarSqUnUhUbMXHau1QkqMgBJaykbiLKJqf6bpDTM2a+7qqvatfdZOU5lsLrKWKpuQaYQ3dnDBAjI+UuV/IJ47hx3Gbrbu1auHou1TqGJRmp/WuHNl/JXqzfXLrcDUXM87PgbnxydEZvSYzpXjatTEMahUGkB1QAYBAQtQEhtcx7N7280TdYTadasFY4Koj5Q1nekEOl94Ytx4qCL7pyvU3LEsTqxJJLHiSeJm86B1az4cpTr0wUdtHV6jqptYEZx2dDbhpKZ8VQVewsJW2T9vY1Ey+WJhgjE3p9qu7DdcLkGovvsbX75zhSPyQQtzlB3hb9kHvtaXHSt2fEjtdd2MoanScLmDOWVdWzWFtQflKbK2XPkcL6RRwun5xFpbp8WiN/Ik5WxeaHmjRaEGlxB4sIWaNGJgBIzQjrGDDEAFtTXiP+DdCZAeA11jVaoB8gACSTyAG+MjFrzt43vCgsi1axQ5ARYaC8b8qa/CJruGckd3wjdtZZWKWGB2jU+zuCpzaG/5Q1tYjiAb7wR3mTeqG9u0ScxY7y3OU+GqBXBO7X4yyONTn7AYs7MjGKdodFFeW6/x3xsYVdO7f38o5RqBhcGKvJlLYhMOBa3A3v4x0xLG3CI6yAN2OXm9+iT7TE/o0v8Ac/4Tn2funQfohN2xWnCj86sSfpYLk6RBBBOUcSm4eA+U470+a2Pr/u/4STsSbh4D5TjX0g//ACFb93/CSVw8hPgog0SzROWHOgmO4TK1SmrglS6hgu8rcXUX57vXOrbOx9OoCtPTIAChUoyjcOyRu00I00nH3pE8SORvYgjUEGWFXalZshqClUyXsXTUgixDWNrbjuGqiJOGo1OjYPs29WyOUFCqQLDfTdUqGnv0XtZbagADS4BFd0jUJQq9UiqoNJHa2/O4tSQX0srZjwGbQakihG1Df+6UNd9gwv8AGQNoVHqkfVU0AN7ILa2tckkkmMkNr2qhYYekPaJp+jFMGimdQVL1EV1ZgysTmNN7cGAvvsbAHW18V5O3KP4Gq9IkhAwNiVbMASuoN1IIImtCxdOzoDbMIc3e4qlKSADL1dMm9QKQdLqN4t5omlxWIpUUAchV81VAvew81UAu2g3ATmC7YY6+TLpqPrauh5+dpAm3KyuzrTQMVCjM9SplFyTlzNx0v+iOUnKGpjSnfCG9pBFr1VpgimG7AKlSoZFa2VrEAFjbutGFEYy1GYs73Zjdid5JjtjzlBAEQEDgYLRTGACCBDRQd0GWIcQAibRexUqdRc3HCQC8snwWb8rXvkdsC3AgykZJIxoi3ETpJnkLd0LyBuYjakZRGzCDNJXkDcxDXAH0h6hDWgoc2Y+jDvv7f/UmAyNTwuXjHQLST5GFnWIAhmBTMAIrOj/RAumJP6kezrJzs/8ANZ0r6Il+rxB/OpjnuVvxiZPSzY8m+gggnKOJTcPATjX0huBj63D7Pj/lJOzxL0lO9QfEAxoS0sHueeMw5j2wZxz+M9C+Tp6C+6IPJ09BfdEr3fAuk89ZxzHtjisJ6B8nT0F90QdQnoL7oh3fAUefDVHMe2GlTvHtnoLqE9BfdEHUJ6C+6Id3wFHn1nHMe2JLDmJ6E6hPQX3RB1CegvuiHd8BpPPdxzhLUXn8Z6F6hPQX3RB1CegvuiHd8BpPPhqDn8YpagOlx7Z6C6hPQX3RC6hPQX3RDu+A0nn56oBtce2IFTvnoTqE9BfdEPqE9BfdEO74DSefGccxGy45j2z0P1CegvuiDqE9BfdEO74DSeeQw5j2wBgOU9DdQnoL7og6lfQX2CHe8BpPPIqDdpFK1vV3z0E2FpnfTQ+Kqf5RJwVL7mn7i/hDveA0nAzWQjzbHuaMdYJ6D8hpfc0/cX8IPIaX3NP3F/CHd8BpPPZcc4nMOc9C+Q0vuafuL+EHkNL7mn7i/hDveA0nn24HGJvPQnkNL7mn7i/hB5DS+5p+4v4Q73gNJ57z94nUPoj+wrn/ADQPYg/GbTyGl9zT9xfwjtKiq6KiqOSgD5RZZLVGpULgggkhj//Z', 'solo negro', '2025-09-05', 2),
(5, 'putos todos, perras', '', 'Son unas perras, me cae mal todoooooooooooooooooo el mudno, putos 🤢🤢🤢🤢🤢🤢🤢🤢', '2025-09-05', 3);

-- --------------------------------------------------------

--
-- Estructura de tabla para la tabla `reaccion`
--

CREATE TABLE `reaccion` (
  `Id_reaccion` int(5) NOT NULL,
  `Tipo` varchar(15) DEFAULT NULL,
  `PostId_post` int(5) NOT NULL,
  `UsuarioId_usuario` int(5) NOT NULL
) ENGINE=InnoDB DEFAULT CHARSET=utf8mb4 COLLATE=utf8mb4_general_ci;

--
-- Volcado de datos para la tabla `reaccion`
--

INSERT INTO `reaccion` (`Id_reaccion`, `Tipo`, `PostId_post`, `UsuarioId_usuario`) VALUES
(1, 'like', 1, 1),
(2, 'like', 2, 1),
(3, 'dislike', 1, 2),
(4, 'like', 2, 2),
(5, 'dislike', 3, 2),
(7, 'like', 5, 3),
(8, 'like', 1, 4),
(9, 'like', 2, 4),
(10, 'like', 3, 4),
(11, 'like', 5, 4),
(12, 'like', 3, 1),
(13, 'like', 5, 1);

-- --------------------------------------------------------

--
-- Estructura de tabla para la tabla `usuario`
--

CREATE TABLE `usuario` (
  `Id_usuario` int(5) NOT NULL,
  `Nombre` varchar(30) DEFAULT NULL,
  `Correo` varchar(50) DEFAULT NULL,
  `Contrasena` varchar(50) DEFAULT NULL,
  `Foto_perfil` text DEFAULT NULL
) ENGINE=InnoDB DEFAULT CHARSET=utf8mb4 COLLATE=utf8mb4_general_ci;

--
-- Volcado de datos para la tabla `usuario`
--

INSERT INTO `usuario` (`Id_usuario`, `Nombre`, `Correo`, `Contrasena`, `Foto_perfil`) VALUES
(1, 'allen', 'a@gmail.com', '1234', 'https://i.pinimg.com/736x/eb/f7/a0/ebf7a070a7339b62e3fd64d41ab71a4d.jpg'),
(2, 'ashe', 'ash@gmail.com', 'uwu', 'https://i.pinimg.com/originals/cb/0a/9d/cb0a9dc04b15146c5aae647dc10de0a7.jpg'),
(3, 'marta', '5@gmail.com', '1234', 'https://encrypted-tbn0.gstatic.com/images?q=tbn:ANd9GcSjv6cWRkmucuxM6buQqQtY_5r9NUxBpv2aSQ&s'),
(4, 'joshe', 'gay@gmail.com', '1234', 'data:image/jpeg;base64,/9j/4AAQSkZJRgABAQAAAQABAAD/2wCEAAkGBxITEhUSEhAQEhUQEBAQEBAQDxAOEA8QFRIWFhURFRUYHSggGBolHRUVITEhJSkrLi4uFx8zODMsNygtLisBCgoKDg0OFRAPFysZFRkrKysrKysrKy0rLSsrKy03NzcrKystNzctKy0rNy0rLSsrKysrKys3KysrLSsrKysrK//AABEIAOEA4QMBIgACEQEDEQH/xAAcAAABBQEBAQAAAAAAAAAAAAAEAAECAwUGBwj/xABBEAACAQIEAwYCBwUGBwEAAAABAgADEQQSITEFQVEGEyJhcZEygQcUQlKhscEjYnKC8DNDU5Ky0RYXVGOis+EV/8QAGQEAAwEBAQAAAAAAAAAAAAAAAAECAwQF/8QAHxEBAQEBAAMBAQEBAQAAAAAAAAERAgMSMSETQTJR/9oADAMBAAIRAxEAPwDvwI8UcCSlKOIrR4CQ8UQERjiiMaKKMFFETzJAA1JJsAOs887YfSGEvSwZDMLhq5AKg8wg5+sA7PjPHMPhUzV6qp0Xd38lUbzzLtF9JuIqErhR9XTYVDZq7eetwvynDYvGPUcvUdnZt2YliYO7R4ir8VjndizuzsTqzsXY+pMG70yIWOVgR+8iFQyotGzwMZTrEc+dx69bzpOC9t8Zh9BVaop+xWZqij0udJx4qSxXMZPauBdq6OJylG7isAA6X8N/n8SHodp2mDxIdb7HZh0Ybz5rwWKKMG6a6bjzE9M7MfSHTWy11YFgAzg3U2FgSOsDeoxiIPw/G06yB6Th1OxUg69DCYjQKxZZZEYsUqtIkS6RKwsTqkrGKy0xosPFWSKWxQwYrEsEiBJCIoUcRWiAjPTxRRWiIjIswAJY2ABJJ0CgC5JkxPNvpU7UAKcFSbU2OJYHZdxSB/P0lQaxu3vbk4i9DDlloA2apezYk+XMJ+c4Bqpkne8rUSitSVY2S8tIkiwAgSGWVsJfSGbaGUsFIvWL541kdyTyMS4Uk7TpaOC8hLV4f5Sf6NP41zYwBiXAtOtp4HqJJsGOkn+iv41yX1ciJXtNzH4K2omLUp2MrnvWfXGNfgfHa2GbNRcrrcqSSjeonsXY3tZTxqlCMldBd6ZN8w+8nUeU8GUwzh+PejUWrTYqyMCpB6bj5zRD6StFMrstx5MZQWquh+GovNXG95r5YDEYpLLImARKyEtkSsKEIpPLFEeoR1jSUmwUooooEQkhGEcxyBidr+PDB4dqu7tdKK9ahG/oN54DiazMWZiWZiWZjzJNyZ1f0n8aNbFmkG8GH8CjlnOrH9JxrNKI2WORaRzSLvGSeeRY30lRaa3BsFc5mHoJHVxfPO0Zw/B2HnNilhNpbhcLCgtpha7eeMQo4e0t7qOlTykyZGrxDu5B0EsvGIi0wNaiDMTH4LpOkqUoFXSPnrEdc646uhXeQDzdx+FuJgOLG3SdPHWuPvnK7H6Ne0f1XFBHP7LEEU3v9lybK/46z3efLCOQRbS2oPnyn0Z2N4sMThabhr2UA9VNtVPobj2lolbcYiPFEpC0UnIsI0miiijCu0eKKZjSijiOVgCEF4lilp03djYIjMT5AXlxqjr5fPpON+lPiOTBuo3qlKQ0INmOY/gDKgeL43FmpUeod6js5/mN7SktImRaUSRaVVGjMY6IWIC6mK05NSwq5mAO2863h2trcplYThDDU7w2nTKdRMerrfxzHT0JbUXSZ+DrEiGNUmVdUq1KUk9K0tojSWVLWtEYalSvJ1kAk6a9IFj65Bt6+8PUrUajjrAqrA8x7wSqHbe58pUME58vnKkRexT0wROb4xQs1+R0m2tJ12Jg3EAHUgixl8flY+SbHOT1P6FuJ61KBO4LqJ5VVFp1X0Y4408fSH+Ke7J6X1m7mfQUUZNpKKq00ZpKNA0IpO0UE4pksslHkHhlEcxAR44bN4rgHdSaTZWt8J1VyNQT0PnPJvpHbFZUXEIMq1n7pw18zZRe48hpPayJ5J9MVf8Aa0aOngpNVPq7WBP+Uyk15e5kNTLaiy+knh21MZSaGwmGLtbpvOgwmHWnbKuvXrBMDSyA7XMtqY2xsNT+Ak1vzJGyjvbZYxU8x7QSogFPvGqlmNrU1IGp6wZTUVRUL07F8lhUzVAepTp5yLi/ZvYdgDCg95lFyrAPbxWysuqt/tCs1jMuo35rZovJVWgWGqXEetUk6vFrV7c4FXqC9yZU73gQbOxCkWG7nRR/9lT9T1+C/rH3VJ/ARPi2H2L+huZiAlmP7VFHjtnL65T0A0vyk6JV6eYO1OoPs6nNNMjH3bdPEq403G45wTFYcNM7DYprglSG56WDTXVwRfSLD32cXj6WVyPO8K7OYg08TQqDdK1M/wDlb9YX2ow1irj7Wh9ZmcOplqiKNy6AW3vmE25cnUyvqKmNPcj5ycahTIVQeSqD6gCTZYUkYooojNFFFGaKiPaPFFgIRRR4wYzwH6RsZ3nEsQb3CMtFfIU1At73957+ptqeWp9BrPmTiVXPXqOTfvKtRz/MxMcTQdLVwOrATp1wA6TJ4LhL1Cx2TbzM6VBMu+m/i50E2AXpKhg7bCa9hGNKZ+zecQDTpL9pQYStFeSKPlLO6kwIvar9IrNMStxeXvoLwcNeLRgjDtYSdR9I9GnpJvS0kVpAYERw4/oSWxhSpHqbzqmkgHKQrKvIfgIQUlRpx+xekCPh16XkkwwHWFClLClo/YerF49h70X55bMPlAuweHL4/D2FwKyk9LToKyggg6gix9DF9HdDu8clM7CoQp6+E2M346cnl4/de4xSKSU0ZIMJGWyLmKwIRRRREUUUUZlFFFeAUY97Uqh6Uap9qbT5g7y5vPpfixvRqjrQr/8AqafMQ0t6D8hGm103BR+zv1YzVpzL4N/ZL6n85pU2nP39dXj+C6aQqnTg9NpetaQ6eYsGGlFcBZZUxYtMLimN0sNTAUU9Qv6S3DUgINhsQqoL/d19ZnnjPitla3WBa7LC4YES/E4ABb5gfLnMXh+PutwYTiOIaXJk4rQmMpa6SpapT4tr2mfX44mYABjrYm2ghuKcMhtrcaGGDWjSIMvGHnN8PxjKcrXuJ0OFxIPOLMOVJsPB8SLTRaqJn4s3hACcyvh7MMZQKb+J9NyUHwiO8I4JYY3Ck/4jj3UzXj65vK9owtUOiupuHVWU9QRLZkcBYJnocqRDpflSfUAehuIXX4nSQ2ZwDa9iQNLzoctoyQaCrxOmVzBhl+9y95dTqBhdSCDsRzhpbEooooGUV5FjGEeFqd5Co0V5TXMBquqfCb8wVt/F4f1nzTxGwe1rZFFM/wASEqfyE+jMXV26A3PnPnrtLTtiax5GtUIHkWNok1r8I/sl+cOpwDhP9ksMBnP19dfj+QYtSO1WB55XVraSW/ssxWI5XjUMMDqYFTOZr8uU0qR0gNVPg1PM/KNT4evK/wA4WghmHUdItOcayaWCqKfCLgwk4CoR4tBOgo0xLmAtFq5xHIVeGgix0lmGwpXTMTbrNuuBAagh7D1UYnDKy32YagyjB4g7cxC2MycW+Vs3I7yvqb+N5a1xGZ5n4eveXl5OKlM8rp1SuIwzdMQD8v6McmDYirlq0T91w3yl8/WHl+PYqrlK1KoBdSTRcj7r6ofkw/GZPHSq4jPlV7YWq4BtqEdSfwvNA1Q+Ha260ldLc7ag+4mfx1iz4epTVGL0qyFWYqpV0ViLjnoZvXDXGYnjQbZWQu1yobwkHkFHPzno/ZHHJUo5VYlqZsyuMrrfqOk88wvDGDlu6pXLF1JqFmGRtQDbblOl73u2+t0tXwxQYumtyr4drZrnmV3HOL42548dn/ldzYxTL/4jwf8A1A9zFH7F6RoxRSOaWyMWgmMe0JMCxZuPaToZ+JfwknXKpJ/2nivaajeqzfea49CL/rPXeI1T3bgHfMqnqdv1nknaypasVHI6eijIP9MNJZwk/sx5EiGiZnA6l1I6GaJmPTq8ZGC4w6Qq0pr0ryGqvDnSGLWHWAMptYSqnh2J1lDWwOIIOpl9LiyA7fjDOF0KGVyyqoCa5uttxNaj2foMtFwq5WI8SkHN+60TTnySMulxZOcsPGaYG150XFuzGGKMcgp5FuXGlgOslw7sthgoJph7rfM2t7jQiGRf9I46txZTy/GVLjkOl50Tdn8OquzbKSRdgBYch1gXEcJhjTVkC6jwhd7+cPWFfJGU1UHmIBxBbqZTisK6WtcX5SRY5SDvaGYi9abhrGwvNGC4KjYQuIQxMzOJVwKtMHYC5+c0GnOcXqhqxF9AAsvmMfLfx7XwJiaVIqdGphddbX5ekBfEnucMQhZkNS6DnmDKD6bTn+yHaMphytS7d0AQeltFHvO74dQpmnT8QvTppTuDa4tqb8+c1cuOdwlOqXyq9F2sx7nKbLfcAjUes6fs9w1kFXvspNf41X4bEZcvpaXDBIHvbX4cw0JELooBtf3MQk/dcb/y3/7kU7nvYoYv2MTIEzJw/F1a7XGUDQ8rdYQOIIRfMBfa+kusxTvAsTUAUk+3WVvjkG7qOl2AvMviPGKYGXNcg8gTbzvJoVY7ale3hVnbpcsBPHe1FfNiattlYqPcn9Z1naPtSqkimToAo1zC25PvPPMRWLMSeZuYyaXAK9mYdRedANZx/DquWoD8p1VGpMe46PFRKCO6yCvFWbSQ6FKby6pT0uJTQ3hiRiGwtcfC3vCzw9D8J8xbr1gL4aSoh12MqNZ45fg+ph6zKVNeqykWKtUcqR0IJhGEwlawHfVQoFgoquFA6AXgYxdXyMuTiNUchH+H/EUvBrNbUg66m4vLOIdzRQre7NbKF5HzmdieK1iLXC+m8zghY3bW/MxX8H88WAZjcyiqvihoHKBYs2cSWdgqmmkdo6NpK2aTQqxFbIpb7ovONR8z3N/E1/PebXaXFWQID8R19JzYa038c/1yeW7cdZhA9N86HMilS63Ib2523noXCe0wVMrI6C1xmpmpRYdf3SfLpPOeBcbQgJUUA7GpyN9iZ1HDuLrhmyNVJpNfKUYP3TdB1U/hNGUdthe0lN8oLi9/iUj2PP3nRYarm23/ADHlPI+McXpmzUzfKy/GLsddhYdJu8M48KaO4bOtOkWUK3iVzoo9L2ipvRu/p+XvFPI//wAPiX+MP88UkOXwXaWolE0SxymxGuun6Tt8N2+w7ICVyOFUHwZrsBrPLcXQKMRvbYwfMeUuoel8T7eIRZUVv5FH46zkuI8eq1CdWCnZb6CYGY9Y4c9YDVldyTrBWljGVPAEjWIPQ3nT4WroD1F5y02uEVrrl+6Zn3GvjuNwGSaCpUhKGYunfwyC0JRpRaTQwOUfQaXhRAEaErVMGnPWL+6EkqSkVpLv4NP6JtQB3lFcSTV4NVe8aeu9JqkzqjFn9IS5j06YAuYmVqajT5SqpUju8z+I18qk9BHJqb1kc/xjEZ6h10XQQKMzanziE6J+Rx9XacQmjVIgwMkGjJs4TFj7S3NxZmJOX5Deb/D66VKqKCHJbPUNu7JsNFXynGBpej+cMGvU/r9DriP85inlveef4mPFha6PtHwpVAK3uSd+k5ypg3GuU29DPUamFVvjUNbrylJw1PUZVFuU19GPva8tyx0osdlY+gM7zH8GpZS5WwtcG9pmHhSGmWVajAEFnViQgPUScaTa5R0PMSp1nRV+EqfEjlhexvy6GNS4SvPWZ9dY055tc4lMk6C8OwalGFx6zeXBgbASivhLjzmd61pzxYtUX1lyNM/DVSDlPvDVmbZcKstVoK4luHbSBwasuWDZpYjQXBISOacrSrLO+gpTUWVydRpUTAqrqNImpK3NzGjRqNRoHxage6z8swBH7p3MJvcheZmj2iwY+rg7ageuk04jn8nefjz+oBfw7cr7xpp08NztubX0tqDe4/raNiOHMACVNtLECwM2ZM2OomrhOB1X1VdPMzpuE9hGbWq4A6KdZU41n15JHEKJYk7XifZygjBUVuhJJNzB+McIWk1IBQLpc6a3vK9KzvmjmfqzfdPsYp2n1dfuiKHoX9Y26dY6nymZjmAzFgQ7A2yEZdtCfOEo5W9t8psOV5jYjM2Zqpa97ZUGhJGhubWk924fjn6FNQvZSzZAPEc+n2dAPnL8BVtU7sO6rUXIcuua42PWRxOERKNN1rK7VQe8o28dMgaMo9dNekDw+jA+fI+epHSZf5rpdDhaAyNSKWysbswCsQT4dPWZpQgkEag2l9eopIKhlDfbfdm5Ea7SziAvlqDaogJ00zDSY39b8zIDIlNRZcZVUkrBVKWt5Kk8nUlDRjBWaIm0DFSEJUvACle8tWpAg1tZar3gqUaHj3gneRGtAxReUVKsoevKmqQK1ezStqsqBJkKsaFvCFNSuPmBOk7Soo7oN8I8TDa4B1EyuyVH9qf3FHuTCO2tW7KoN7AGw3Gs6OJ+OTyf9M/DIKuIaoFRAWuB/dottF/rmYq1YOqqC5Au1gPAp2Fj0vIUMQopsgFu8UK97EsoYsD5MDpeEURcDVj8F7Llpgm7ZV6jY3lf6r42+EYYadNJ01aoFTTpMHhx2+U1sUbidPPx5vku9M6jh8z3breQ7UYUEI3Tww+iLRcVp5qR8tY0RzsUrzRQPR5Gog2Fr5BVFSobPa6hcxYDYDofOFsp6QZqDCtm5ZbkMt12+1ObyfHZ4vrmBcFxqtlJF9bjkDLqldMqBVIZF8R3FTXeHJh0OJ1bwlfESQoOmoHlAKwVXOWxCkWDDRmOm3SZz5jeNHBt4BUNm7s+FCw010ss2sTkqoyrYEeNVHK41AnP8I3KBaZLk5Wc2Csovp67fOaPBqVbvANctK6kDKQMx3053kYegCJU4mvx7AlGzAaP5bGZDekysx089fgd5SYQ6yioIHqDUwYMcymXq0kwvAtQp4jrJ975yPdRxThlCfe+cXe+cdaIly4cdIHofMTtLqdC+pl9On5S+0AoZLSjLeE1JQzWh+k2uyqAGq3S2sysXjLVKrFVLMCik/ZXe4E1+D0StEmx8dyRac0wJc30Da/I7/OdPPxyX/oQMKxRHVNHfJmOqu4cnUcgL2nUGkviUVhVIqWLArYqiKFsBsAbgekDNJlSh3GaoyVENFbDxVWI8JvoRfrNQcJFLOt6Zda1RWanchr66abXlc/S8l/DYMWImm5gNOiRbSHKpI2M6Y8/qXTU94TVHhI8jKVQjlJkmx0O3SNOVhdyOkUP+rnp+cUBlcTK625/hEUU5vI7vF9ZuN2X+uclU+I+g/0xRTON4i23yhPC9j6/qY0UmfRRvEPh/m/SZhiimd+tuPhhINHiiWoMmkUUcCYiEeKOkXOWCPFJpmEYxRQBnkX2iijgrRof2Y/hMycT8X8ojRTefHJf+mj/AHafxL+cNo7e/wCcUUfP1PlXLLxtFFOlymiiijgqEUUUCf/Z');

--
-- Índices para tablas volcadas
--

--
-- Indices de la tabla `comentario`
--
ALTER TABLE `comentario`
  ADD PRIMARY KEY (`Id_comentario`),
  ADD KEY `FKComentario120007` (`UsuarioId_usuario`),
  ADD KEY `FKComentario201695` (`PostId_post`);

--
-- Indices de la tabla `post`
--
ALTER TABLE `post`
  ADD PRIMARY KEY (`Id_post`),
  ADD KEY `FKPost404266` (`UsuarioId_usuario`);

--
-- Indices de la tabla `reaccion`
--
ALTER TABLE `reaccion`
  ADD PRIMARY KEY (`Id_reaccion`),
  ADD KEY `FKReaccion187679` (`PostId_post`),
  ADD KEY `FKReaccion537790` (`UsuarioId_usuario`);

--
-- Indices de la tabla `usuario`
--
ALTER TABLE `usuario`
  ADD PRIMARY KEY (`Id_usuario`),
  ADD UNIQUE KEY `Nombre` (`Nombre`),
  ADD UNIQUE KEY `Correo` (`Correo`);

--
-- AUTO_INCREMENT de las tablas volcadas
--

--
-- AUTO_INCREMENT de la tabla `comentario`
--
ALTER TABLE `comentario`
  MODIFY `Id_comentario` int(5) NOT NULL AUTO_INCREMENT, AUTO_INCREMENT=10;

--
-- AUTO_INCREMENT de la tabla `post`
--
ALTER TABLE `post`
  MODIFY `Id_post` int(5) NOT NULL AUTO_INCREMENT, AUTO_INCREMENT=6;

--
-- AUTO_INCREMENT de la tabla `reaccion`
--
ALTER TABLE `reaccion`
  MODIFY `Id_reaccion` int(5) NOT NULL AUTO_INCREMENT, AUTO_INCREMENT=14;

--
-- AUTO_INCREMENT de la tabla `usuario`
--
ALTER TABLE `usuario`
  MODIFY `Id_usuario` int(5) NOT NULL AUTO_INCREMENT, AUTO_INCREMENT=5;

--
-- Restricciones para tablas volcadas
--

--
-- Filtros para la tabla `comentario`
--
ALTER TABLE `comentario`
  ADD CONSTRAINT `FKComentario120007` FOREIGN KEY (`UsuarioId_usuario`) REFERENCES `usuario` (`Id_usuario`),
  ADD CONSTRAINT `FKComentario201695` FOREIGN KEY (`PostId_post`) REFERENCES `post` (`Id_post`);

--
-- Filtros para la tabla `post`
--
ALTER TABLE `post`
  ADD CONSTRAINT `FKPost404266` FOREIGN KEY (`UsuarioId_usuario`) REFERENCES `usuario` (`Id_usuario`);

--
-- Filtros para la tabla `reaccion`
--
ALTER TABLE `reaccion`
  ADD CONSTRAINT `FKReaccion187679` FOREIGN KEY (`PostId_post`) REFERENCES `post` (`Id_post`),
  ADD CONSTRAINT `FKReaccion537790` FOREIGN KEY (`UsuarioId_usuario`) REFERENCES `usuario` (`Id_usuario`);
COMMIT;

/*!40101 SET CHARACTER_SET_CLIENT=@OLD_CHARACTER_SET_CLIENT */;
/*!40101 SET CHARACTER_SET_RESULTS=@OLD_CHARACTER_SET_RESULTS */;
/*!40101 SET COLLATION_CONNECTION=@OLD_COLLATION_CONNECTION */;
